Domain,Confidence,Indicators,Country_Code,Shop_ID,Timestamp
https://lucadanni.com,25,Currency: INR,,,2024-12-20 18:51:42
https://midsummerstar.com,25,Currency: INR,,,2024-12-20 18:51:42
https://buylegalmeds.com,25,Currency: INR,,,2024-12-20 18:51:45
https://paulevansny.com,25,Currency: INR,,,2024-12-20 18:51:46
https://itsablackthang.com,25,Currency: INR,,,2024-12-20 18:51:51
https://quinnshop.com,25,Currency: INR,,,2024-12-20 18:51:54
https://fayettechill.myshopify.com,25,Currency: INR,,,2024-12-20 18:52:00
https://emmalinebags.com,25,Currency: INR,,,2024-12-20 18:52:04
https://itokri.com,25,Currency: INR,,,2024-12-20 18:52:04
https://baileysblossoms.com,25,Currency: INR,,,2024-12-20 18:52:08
https://insaraf.com,50,"Currency: INR, Indian address format: pincode",,,2024-12-20 18:52:11
https://hautehijab.com,25,Currency: INR,,,2024-12-20 18:52:16
https://bdgastore.com,25,Currency: INR,,,2024-12-20 18:52:20
https://mahabis.com,25,Currency: INR,,,2024-12-20 18:52:20
https://plumgoodness.com,25,Indian address format: pincode,,,2024-12-20 18:52:25
https://muttonheadstore.com,25,Currency: INR,,,2024-12-20 18:52:25
https://luxlair.com,25,Currency: INR,,,2024-12-20 18:52:31
https://slimwalletjunkie.com,25,Currency: INR,,,2024-12-20 18:52:33
https://proofreadingservices.com,25,Shopify locale: IN,IN,,2024-12-20 18:52:51
https://mindymaesmarket.com,25,Currency: INR,,,2024-12-20 18:52:52
https://darngoodyarn.com,25,Currency: INR,,,2024-12-20 18:52:52
https://fayettechill.com,25,Currency: INR,,,2024-12-20 18:52:56
https://pearlparadise.com,25,Currency: INR,,,2024-12-20 18:52:57
https://lunasandals.com,25,Currency: INR,,,2024-12-20 18:52:59
https://morninglavender.com,25,Currency: INR,,,2024-12-20 18:53:00
https://colorit.com,25,Currency: INR,,,2024-12-20 18:53:00
https://woodgeekstore.com,25,Currency: INR,,,2024-12-20 18:53:01
https://acaciaswimwear.com,25,Currency: INR,,,2024-12-20 18:53:04
https://sixmoondesigns.com,25,Currency: INR,,,2024-12-20 18:53:05
https://naadamcashmere.com,25,Currency: INR,,,2024-12-20 18:53:05
https://blinglane.com,25,Currency: INR,,,2024-12-20 18:53:09
https://menfashion.com,25,Currency: INR,,,2024-12-20 18:53:10
https://popyourpup.com,25,Currency: INR,,,2024-12-20 18:53:12
https://thestiffcollar.com,25,Currency: INR,,,2024-12-20 18:53:13
https://trustbasket.com,25,Currency: INR,,,2024-12-20 18:53:18
https://vanessamooney.com,25,Currency: INR,,,2024-12-20 18:53:22
https://fasinfrankvintage.com,25,Currency: INR,,,2024-12-20 18:53:24
https://rareform.com,25,Currency: INR,,,2024-12-20 18:53:24
https://docspartan.com,25,Currency: INR,,,2024-12-20 18:53:26
https://shop-alexis.com,25,Currency: INR,,,2024-12-20 18:53:31
https://culturehustle.com,25,Currency: INR,,,2024-12-20 18:53:31
https://indieandharper.com,25,Currency: INR,,,2024-12-20 18:53:32
https://getvinebox.com,25,Currency: INR,,,2024-12-20 18:53:35
https://gunasthebrand.com,25,Currency: INR,,,2024-12-20 18:53:59
https://shockoeatelier.com,25,Currency: INR,,,2024-12-20 18:54:04
https://thesurestore.com,25,Currency: INR,,,2024-12-20 18:54:08
https://concealmentexpress.com,25,Currency: INR,,,2024-12-20 18:54:10
https://millioncases.com,25,Currency: INR,,,2024-12-20 18:54:24
https://beastgrip.myshopify.com,25,Currency: INR,,,2024-12-20 18:54:43
https://sukkhi.com,25,Currency: INR,,,2024-12-20 18:54:47
https://packershoes.com,25,Currency: INR,,,2024-12-20 18:54:47
https://mikeamiri.com,25,Currency: INR,,,2024-12-20 18:54:50
https://themightymug.com,25,Currency: INR,,,2024-12-20 18:54:52
https://diyanu.com,25,Currency: INR,,,2024-12-20 18:54:53
https://fabricwholesaledirect.com,25,Currency: INR,,,2024-12-20 18:54:54
https://arcticbuffalo.com,25,Currency: INR,,,2024-12-20 18:55:00
https://goldspot.com,25,Currency: INR,,,2024-12-20 18:55:01
https://autopearl.myshopify.com,25,Currency: INR,,,2024-12-20 18:55:01
https://worldwidecyclery.com,25,Currency: INR,,,2024-12-20 18:55:04
https://beastgrip.com,25,Currency: INR,,,2024-12-20 18:55:07
https://imbesharam.com,50,"Meta locale: IN, Indian address format: pincode",IN,,2024-12-20 18:55:07
https://beeinspiredclothing.com,25,Currency: INR,,,2024-12-20 18:55:21
https://taniusa.com,25,Currency: INR,,,2024-12-20 18:55:29
https://american-tall.myshopify.com,25,Currency: INR,,,2024-12-20 18:55:29
https://clksupplies.com,25,Currency: INR,,,2024-12-20 18:55:31
https://vincerocollective.com,25,Currency: INR,,,2024-12-20 18:55:33
https://luxlair.myshopify.com,25,Currency: INR,,,2024-12-20 18:55:39
https://ukbumpkeys.com,25,Currency: INR,,,2024-12-20 18:55:39
https://quinceandco.com,25,Currency: INR,,,2024-12-20 18:55:41
https://cubcoats-store.myshopify.com,25,Currency: INR,,,2024-12-20 18:55:52
https://cutcardstock.com,25,Currency: INR,,,2024-12-20 18:55:54
https://americantall.com,25,Currency: INR,,,2024-12-20 18:55:55
https://baseballism.com,25,Currency: INR,,,2024-12-20 18:55:55
https://luminaid.com,25,Currency: INR,,,2024-12-20 18:56:00
https://onlineprasad.com,25,Currency: INR,,,2024-12-20 18:56:16
https://12thtribe.com,25,Currency: INR,,,2024-12-20 18:56:22
https://bajaao.com,25,Currency: INR,,,2024-12-20 18:56:24
https://brooklynbrewshop.com,25,Currency: INR,,,2024-12-20 18:56:28
https://superherotoystore.com,25,Currency: INR,,,2024-12-20 18:57:10
https://lknstores.myshopify.com,25,Indian address format: pincode,,,2024-12-20 18:57:11
https://sullenclothing.com,25,Currency: INR,,,2024-12-20 18:57:11
https://slmissglambeauty.com,25,Currency: INR,,,2024-12-20 18:57:14
https://pladra.com,25,Currency: INR,,,2024-12-20 18:57:28
https://urunique.myshopify.com,25,Currency: INR,,,2024-12-20 18:57:29
https://gmdice.com,25,Currency: INR,,,2024-12-20 18:57:30
https://wearfelicity.com,25,Currency: INR,,,2024-12-20 18:57:31
https://dclskincare.com,25,Currency: INR,,,2024-12-20 18:57:36
https://guragear.com,25,Currency: INR,,,2024-12-20 18:57:40
https://mcaffeine.com,50,"Currency: INR, Indian address format: pincode",,,2024-12-20 18:57:45
https://gathre.com,25,Currency: INR,,,2024-12-20 18:57:45
https://mayori-jaipur.myshopify.com,25,Indian address format: pincode,,,2024-12-20 18:57:45
https://evelynhenson.com,25,Currency: INR,,,2024-12-20 18:57:45
https://worldwide-cyclery.myshopify.com,25,Currency: INR,,,2024-12-20 18:57:51
https://percynobleman.com,25,Currency: INR,,,2024-12-20 18:57:53
https://fanfreakz.com,25,Currency: INR,,,2024-12-20 18:57:55
https://onprasad.myshopify.com,25,Currency: INR,,,2024-12-20 18:57:55
https://curvysense.com,25,Currency: INR,,,2024-12-20 18:57:56
https://orgaid.com,25,Currency: INR,,,2024-12-20 18:58:20
https://melmai.myshopify.com,25,Currency: INR,,,2024-12-20 18:58:24
https://studiogearcosmetics.com,25,Currency: INR,,,2024-12-20 18:58:25
https://chupi.com,25,Currency: INR,,,2024-12-20 18:58:26
https://chifles-chips.myshopify.com,25,Currency: INR,,,2024-12-20 18:58:45
https://nanoskinusa.com,25,Currency: INR,,,2024-12-20 18:58:54
https://vdeliverfree.com,25,Currency: INR,,,2024-12-20 18:58:54
https://trustbeta.myshopify.com,25,Currency: INR,,,2024-12-20 18:58:58
https://norwegian-wool.com,25,Currency: INR,,,2024-12-20 18:59:00
https://coursetake.com,25,Currency: INR,,,2024-12-20 18:59:02
https://modernmineralsmakeup.com,25,Currency: INR,,,2024-12-20 18:59:02
https://ooberpad.com,25,Currency: INR,,,2024-12-20 18:59:18
https://lknstores.com,25,Indian address format: pincode,,,2024-12-20 18:59:18
https://goalkicksoccer.com,25,Currency: INR,,,2024-12-20 18:59:30
https://karlkani.com,25,Currency: INR,,,2024-12-20 18:59:32
https://hahaha-23.myshopify.com,25,Currency: INR,,,2024-12-20 18:59:47
https://bendsoap.com,25,Currency: INR,,,2024-12-20 18:59:48
https://australialuxeco.com,25,Currency: INR,,,2024-12-20 18:59:48
https://theholyblack.com,25,Currency: INR,,,2024-12-20 18:59:54
https://dermaclara.com,25,Currency: INR,,,2024-12-20 18:59:55
https://fashion-shirts.com,25,Currency: INR,,,2024-12-20 18:59:58
https://blingvine.com,25,Indian address format: pincode,,,2024-12-20 19:00:01
https://sump-alarm.myshopify.com,25,Currency: INR,,,2024-12-20 19:00:06
https://cottonique.com,25,Currency: INR,,,2024-12-20 19:00:11
https://bloomsvilla.com,25,Indian address format: pincode,,,2024-12-20 19:00:14
https://goathlos.com,25,Currency: INR,,,2024-12-20 19:00:18
https://drvaidyas.com,25,Currency: INR,,,2024-12-20 19:00:23
https://dryrobe.com,25,Currency: INR,,,2024-12-20 19:00:26
https://enthopia.com,25,Currency: INR,,,2024-12-20 19:00:26
https://d1milano.com,25,Currency: INR,,,2024-12-20 19:00:31
https://priorsnow.com,25,Currency: INR,,,2024-12-20 19:00:38
https://sullenclothing.myshopify.com,25,Currency: INR,,,2024-12-20 19:00:45
https://savannahsevens.com,25,Currency: INR,,,2024-12-20 19:01:03
https://barna-resources.myshopify.com,25,Currency: INR,,,2024-12-20 19:01:11
https://edenbodyworks.com,25,Currency: INR,,,2024-12-20 19:01:26
https://samaeyewearshop.com,25,Currency: INR,,,2024-12-20 19:01:47
https://infantryco.com,25,Currency: INR,,,2024-12-20 19:01:48
https://truhair-by-chelsea-scott.myshopify.com,25,Currency: INR,,,2024-12-20 19:01:58
https://beardedbros.com,25,Currency: INR,,,2024-12-20 19:01:59
https://coeursports.com,25,Currency: INR,,,2024-12-20 19:01:59
https://rifeindia.com,25,Currency: INR,,,2024-12-20 19:02:23
https://sexyshoes.com,25,Currency: INR,,,2024-12-20 19:02:24
https://samaeyewearshop.myshopify.com,25,Currency: INR,,,2024-12-20 19:02:32
https://tinyhandsonline.com,25,Currency: INR,,,2024-12-20 19:02:36
https://mindysminutemarket.com,25,Currency: INR,,,2024-12-20 19:02:37
https://vexclothing.com,25,Currency: INR,,,2024-12-20 19:02:43
https://prettygirlcurves.com,25,Currency: INR,,,2024-12-20 19:02:45
https://nokwal.com,25,Currency: INR,,,2024-12-20 19:02:47
https://andreaiyamah.com,25,Currency: INR,,,2024-12-20 19:02:56
https://bellasyard.com,25,Currency: INR,,,2024-12-20 19:02:57
https://hiltontextiles.com,25,Currency: INR,,,2024-12-20 19:03:01
https://imleejaipur.com,25,Currency: INR,,,2024-12-20 19:03:03
https://baba-store.com,25,Currency: INR,,,2024-12-20 19:03:11
https://mignonnegavigan.com,25,Currency: INR,,,2024-12-20 19:03:42
https://manoszapotecas.com,25,Currency: INR,,,2024-12-20 19:03:43
https://lkibrand.com,25,Indian address format: pincode,,,2024-12-20 19:03:46
https://forrestandharold.com,25,Currency: INR,,,2024-12-20 19:03:49
https://tressmart.com,25,Currency: INR,,,2024-12-20 19:03:50
https://weaverstory.com,25,Currency: INR,,,2024-12-20 19:04:08
https://tsptr.com,25,Currency: INR,,,2024-12-20 19:04:08
https://tuffwraps.com,25,Currency: INR,,,2024-12-20 19:04:09
https://andigitallock.com,25,Indian address format: pincode,,,2024-12-20 19:04:10
https://mlouye.com,25,Currency: INR,,,2024-12-20 19:04:32
https://bornscum.com,25,Currency: INR,,,2024-12-20 19:04:40
https://misha-and-puff.com,25,Currency: INR,,,2024-12-20 19:04:41
https://urbanmonkey.com,25,Currency: INR,,,2024-12-20 19:04:55
https://camillebeckman.com,25,Currency: INR,,,2024-12-20 19:05:02
https://shamunsflowers.com,25,Currency: INR,,,2024-12-20 19:05:04
https://wolf-and-moon.com,25,Currency: INR,,,2024-12-20 19:05:06
https://sptennis.com,25,Currency: INR,,,2024-12-20 19:05:10
https://wordswithboards.com,25,Currency: INR,,,2024-12-20 19:05:13
https://joanshepp.com,25,Currency: INR,,,2024-12-20 19:05:14
https://nicounderwear.com,25,Currency: INR,,,2024-12-20 19:05:23
https://annanewyork.com,25,Currency: INR,,,2024-12-20 19:05:45
https://thirddrawerdown.com,25,Currency: INR,,,2024-12-20 19:05:48
https://thefoamco.com,25,Currency: INR,,,2024-12-20 19:06:13
https://teamltdshop.com,25,Currency: INR,,,2024-12-20 19:06:13
https://thedarkslide.com,25,Currency: INR,,,2024-12-20 19:06:20
https://happyearthtea.com,25,Currency: INR,,,2024-12-20 19:06:24
https://trysnow.com,25,Currency: INR,,,2024-12-20 19:06:28
https://telic.com,25,Currency: INR,,,2024-12-20 19:06:28
https://milkandhoneybabies.com,25,Currency: INR,,,2024-12-20 19:06:29
https://myaudiopet.com,25,Currency: INR,,,2024-12-20 19:06:34
https://wabahairsupply.com,25,Currency: INR,,,2024-12-20 19:06:35
https://mahagro.com,25,Currency: INR,,,2024-12-20 19:06:38
https://spectreminiatures.com,25,Currency: INR,,,2024-12-20 19:06:58
https://rforrabbit.com,25,Currency: INR,,,2024-12-20 19:06:59
https://theskinmantra.com,25,Currency: INR,,,2024-12-20 19:06:59
https://urbanmonkey.myshopify.com,25,Currency: INR,,,2024-12-20 19:07:00
https://giantmouse.com,25,Currency: INR,,,2024-12-20 19:07:01
https://hairxt100.com,25,Currency: INR,,,2024-12-20 19:07:04
https://decorze.com,25,Currency: INR,,,2024-12-20 19:07:20
https://twowheelgear.com,25,Currency: INR,,,2024-12-20 19:07:46
https://nationltd.com,25,Currency: INR,,,2024-12-20 19:07:46
https://lentejita.com,25,Shopify locale: IN,IN,,2024-12-20 19:07:47
https://aviatasports.com,25,Currency: INR,,,2024-12-20 19:07:53
https://playbravesports.com,25,Currency: INR,,,2024-12-20 19:07:59
https://michaelkory.com,25,Currency: INR,,,2024-12-20 19:08:07
https://ikippahs.com,25,Currency: INR,,,2024-12-20 19:08:08
https://essentialoilstyle.com,25,Meta locale: IN,IN,,2024-12-20 19:08:15
https://metaphorracha.com,25,Currency: INR,,,2024-12-20 19:08:32
https://letsplayground.com,25,Currency: INR,,,2024-12-20 19:08:36
https://wyecliffe.com,25,Currency: INR,,,2024-12-20 19:08:40
https://shopnorthofwest.com,25,Currency: INR,,,2024-12-20 19:08:40
https://campfiredefender.com,25,Currency: INR,,,2024-12-20 19:08:45
https://mymugs.com,25,Currency: INR,,,2024-12-20 19:08:48
https://kidteez.com,25,Currency: INR,,,2024-12-20 19:08:49
https://oliveetoriel.com,25,Currency: INR,,,2024-12-20 19:08:51
https://myphotolounge.com,25,Currency: INR,,,2024-12-20 19:09:07
https://deivee.com,25,Currency: INR,,,2024-12-20 19:09:07
https://evropublishing.com,25,Currency: INR,,,2024-12-20 19:09:14
https://anherb.com,50,"Currency: INR, Indian address format: pincode",,,2024-12-20 19:09:47
https://terraearthfood.com,25,Indian address format: pincode,,,2024-12-20 19:09:48
https://bstreetshoes.com,25,Currency: INR,,,2024-12-20 19:09:51
https://fashor.com,25,Currency: INR,,,2024-12-20 19:10:05
https://doll10.com,25,Currency: INR,,,2024-12-20 19:10:16
https://thebeadchest.com,25,Currency: INR,,,2024-12-20 19:10:24
https://spitfiregirl.com,25,Currency: INR,,,2024-12-20 19:10:24
https://glorpgum.com,25,Currency: INR,,,2024-12-20 19:10:25
https://mayoclothier.com,25,Currency: INR,,,2024-12-20 19:10:29
https://kabliwalas.com,25,Indian address format: pincode,,,2024-12-20 19:10:32
https://sergiolub.com,25,Currency: INR,,,2024-12-20 19:10:36
https://backstage253.myshopify.com,25,Currency: INR,,,2024-12-20 19:10:37
https://ilovemypudus.com,25,Currency: INR,,,2024-12-20 19:11:07
https://ilovetunics.com,25,Currency: INR,,,2024-12-20 19:11:09
https://handinpocket.com,25,Currency: INR,,,2024-12-20 19:11:10
https://alltrueist.com,25,Currency: INR,,,2024-12-20 19:11:14
https://ashantiswimwear.com,25,Currency: INR,,,2024-12-20 19:11:17
https://parkavenuecoffee.com,25,Currency: INR,,,2024-12-20 19:11:23
https://bsbrand.com,25,Currency: INR,,,2024-12-20 19:11:28
https://staywear.com,25,Currency: INR,,,2024-12-20 19:11:38
https://darkfashionclothing.com,25,Currency: INR,,,2024-12-20 19:11:39
https://westsurfing.com,25,Currency: INR,,,2024-12-20 19:11:42
https://libbylondon.com,25,Currency: INR,,,2024-12-20 19:11:44
https://nooworks.com,25,Currency: INR,,,2024-12-20 19:12:07
https://silberuh.com,25,Currency: INR,,,2024-12-20 19:12:08
https://adodsons.com,25,Currency: INR,,,2024-12-20 19:12:09
https://laintimo.com,25,Currency: INR,,,2024-12-20 19:12:13
https://lindsayrappgallery.com,25,Currency: INR,,,2024-12-20 19:12:30
https://touchstonemedia.com,25,Currency: INR,,,2024-12-20 19:12:30
https://ikkivi.com,25,Currency: INR,,,2024-12-20 19:12:33
https://fashionkind.com,25,Currency: INR,,,2024-12-20 19:12:40
https://wisholize.com,25,Currency: INR,,,2024-12-20 19:12:44
https://lacasadeljugo.com,25,Currency: INR,,,2024-12-20 19:12:44
https://sattalivity.com,25,Currency: INR,,,2024-12-20 19:12:48
https://purushapeople.com,25,Currency: INR,,,2024-12-20 19:12:52
https://sermanbrands.com,25,Currency: INR,,,2024-12-20 19:12:59
https://lyndalt.com,25,Currency: INR,,,2024-12-20 19:13:00
https://yumslife.com,25,Currency: INR,,,2024-12-20 19:13:31
https://goldstarhat.com,25,Currency: INR,,,2024-12-20 19:13:32
https://schoolgirl-style.myshopify.com,25,Currency: INR,,,2024-12-20 19:13:48
https://sullivanhardware.com,25,Currency: INR,,,2024-12-20 19:13:49
https://serendipitydelhi.com,25,Currency: INR,,,2024-12-20 19:13:49
https://tusk.com,25,Currency: INR,,,2024-12-20 19:13:56
https://patchworkmountain.com,25,Meta locale: IN,IN,,2024-12-20 19:13:58
https://eldimaafashion.com,25,Currency: INR,,,2024-12-20 19:13:58
https://jillroberts.com,25,Currency: INR,,,2024-12-20 19:14:11
https://tortle.com,25,Currency: INR,,,2024-12-20 19:14:14
https://rivaynyc.com,25,Currency: INR,,,2024-12-20 19:14:15
https://jogordon.com,25,Currency: INR,,,2024-12-20 19:14:19
https://planetmermaid.com,25,Currency: INR,,,2024-12-20 19:14:31
https://tjswim.com,25,Currency: INR,,,2024-12-20 19:14:33
https://enoisclothing.com,25,Currency: INR,,,2024-12-20 19:14:45
https://pashmina-collection.com,25,Currency: INR,,,2024-12-20 19:14:48
https://equestrianco.com,25,Currency: INR,,,2024-12-20 19:15:13
https://farmersstop.com,25,Currency: INR,,,2024-12-20 19:15:15
https://everydayasl.com,25,Currency: INR,,,2024-12-20 19:15:23
https://kathyschmitz.com,25,Currency: INR,,,2024-12-20 19:15:29
https://maikonagao.com,25,Currency: INR,,,2024-12-20 19:15:30
https://chifleschips.com,25,Currency: INR,,,2024-12-20 19:15:39
https://randrtackle.com,25,Currency: INR,,,2024-12-20 19:15:40
https://discountcardstock.com,25,Currency: INR,,,2024-12-20 19:16:03
https://dannymiami.com,25,Currency: INR,,,2024-12-20 19:16:24
https://lianaclothing.com,25,Currency: INR,,,2024-12-20 19:16:25
https://pelagicpublishing.com,25,Currency: INR,,,2024-12-20 19:48:15
https://up-spirits.com,25,Currency: INR,,,2024-12-20 19:48:17
https://jilbabsonline.com,25,Currency: INR,,,2024-12-20 19:48:22
https://goatcrew.com,25,Indian address format: pincode,,,2024-12-20 19:48:24
https://personail.com,25,Currency: INR,,,2024-12-20 19:48:25
https://hellopink.com,25,Currency: INR,,,2024-12-20 19:49:05
https://thestunnerboutique.com,25,Currency: INR,,,2024-12-20 19:49:11
https://stahlkitchens.com,25,Currency: INR,,,2024-12-20 19:49:16
https://vinebox.com,25,Currency: INR,,,2024-12-20 19:49:16
https://glowdecor.com,25,Currency: INR,,,2024-12-20 19:49:20
https://thebellabeanshop.com,25,Currency: INR,,,2024-12-20 19:49:20
https://jadetrau.com,25,Currency: INR,,,2024-12-20 19:49:51
https://antlerrings.com,25,Currency: INR,,,2024-12-20 19:49:53
https://iambesharam.com,50,"Meta locale: IN, Indian address format: pincode",IN,,2024-12-20 19:50:02
https://infantiumvictoria.com,25,Currency: INR,,,2024-12-20 19:50:45
https://tiarehawaii.com,25,Currency: INR,,,2024-12-20 19:50:46
https://louponline.com,25,Currency: INR,,,2024-12-20 19:50:54
https://mccullaghcoffee.com,25,Currency: INR,,,2024-12-20 19:51:16
https://bwtribal.com,25,Currency: INR,,,2024-12-20 19:51:18
https://marianicola.com,25,Currency: INR,,,2024-12-20 19:51:33
https://adammarcjewels.com,25,Currency: INR,,,2024-12-20 19:51:50
https://atulyakalaindia.com,25,Currency: INR,,,2024-12-20 19:51:56
https://stitchandstory.com,25,Currency: INR,,,2024-12-20 19:51:58
https://herobility.com,25,Currency: INR,,,2024-12-20 19:52:08
https://myfiltersdirect.com,25,Currency: INR,,,2024-12-20 19:52:09
https://warriorwithindesigns.com,25,Currency: INR,,,2024-12-20 19:52:16
https://scrappindoodles.com,25,Currency: INR,,,2024-12-20 19:52:17
https://mygeekery.com,25,Currency: INR,,,2024-12-20 19:52:27
https://miinkbrazilian.com,25,Currency: INR,,,2024-12-20 19:52:42
https://chef-tab.com,25,Currency: INR,,,2024-12-20 19:52:46
https://highbornlondon.com,25,Currency: INR,,,2024-12-20 19:52:54
https://inkermannyc.com,25,Currency: INR,,,2024-12-20 19:52:59
https://looseleafmarket.com,25,Currency: INR,,,2024-12-20 19:53:00
https://srstore09.myshopify.com,25,Currency: INR,,,2024-12-20 19:53:05
https://teelanyc.com,25,Currency: INR,,,2024-12-20 19:53:08
https://sohoodie.com,25,Currency: INR,,,2024-12-20 19:53:10
https://goldcoastkiteboarding.com,25,Currency: INR,,,2024-12-20 19:53:24
https://shoptiarehawaii.com,25,Currency: INR,,,2024-12-20 19:53:24
https://shamswear.com,25,Currency: INR,,,2024-12-20 19:53:34
https://malayaorganics.com,25,Currency: INR,,,2024-12-20 19:53:49
https://moarmouz.com,25,Currency: INR,,,2024-12-20 19:53:50
https://sashahosiery.com,25,Currency: INR,,,2024-12-20 19:53:54
https://hairzing.com,25,Currency: INR,,,2024-12-20 19:53:58
https://sevenpotions.com,25,Currency: INR,,,2024-12-20 19:54:00
https://bdrivensports.com,25,Currency: INR,,,2024-12-20 19:54:01
https://targetvisioncam.com,25,Currency: INR,,,2024-12-20 19:54:01
https://seaurchinstudio.com,25,Meta locale: IN,IN,,2024-12-20 19:54:26
https://intrepidtulips.com,25,Meta locale: IN,IN,,2024-12-20 19:54:29
https://imlee-jaipur.myshopify.com,25,Currency: INR,,,2024-12-20 19:54:43
https://rachelstichbury.com,25,Currency: INR,,,2024-12-20 19:54:43
https://allthingsheroscape.com,25,Currency: INR,,,2024-12-20 19:54:46
https://cleantechdocs.com,25,Currency: INR,,,2024-12-20 19:54:53
https://riplaces.com,25,Currency: INR,,,2024-12-20 19:54:56
https://realdoctorwho.com,25,Currency: INR,,,2024-12-20 19:55:35
https://givewink.com,25,Currency: INR,,,2024-12-20 19:55:57
https://powersbikeshop.com,25,Currency: INR,,,2024-12-20 19:55:57
https://elastichairbandz.com,25,Meta locale: IN,IN,,2024-12-20 19:56:04
https://looseleafteamarket.com,25,Currency: INR,,,2024-12-20 19:56:11
https://laurierblanc.com,25,Currency: INR,,,2024-12-20 19:56:11
https://miellee.com,25,Currency: INR,,,2024-12-20 19:56:14
https://bebaakstudio.com,25,Currency: INR,,,2024-12-20 19:56:28
https://efytal.com,25,Currency: INR,,,2024-12-20 19:56:44
https://bigskyinternational.com,25,Currency: INR,,,2024-12-20 19:56:50
https://puregheedesigns.com,25,Currency: INR,,,2024-12-20 19:57:05
https://mosequipment.com,25,Currency: INR,,,2024-12-20 19:57:23
https://bestitchedneedlepointshop.com,25,Currency: INR,,,2024-12-20 19:57:23
https://beauandro.com,25,Currency: INR,,,2024-12-20 19:57:24
https://ruggitcollars.com,25,Currency: INR,,,2024-12-20 19:57:27
https://mukhayoga.com,25,Currency: INR,,,2024-12-20 19:57:34
https://sabattusdiscgolf.com,25,Currency: INR,,,2024-12-20 19:58:09
https://tealbee.com,25,Currency: INR,,,2024-12-20 19:59:13
https://timelybuys.com,25,Currency: INR,,,2024-12-20 19:59:14
https://busoaudio.com,25,Currency: INR,,,2024-12-20 19:59:39
https://anamericancraftsman.com,25,Currency: INR,,,2024-12-20 19:59:40
https://uberlyfe.com,25,Indian address format: pincode,,,2024-12-20 19:59:54
https://surfmonkeygear.com,25,Currency: INR,,,2024-12-20 20:00:02
https://lainghome.com,25,Currency: INR,,,2024-12-20 20:00:58
https://judirosenny.com,25,Currency: INR,,,2024-12-20 20:01:09
https://seanmartorana.com,25,Currency: INR,,,2024-12-20 20:01:15
https://reloadgallery.com,25,Currency: INR,,,2024-12-20 20:01:26
https://skintightinc.com,25,Currency: INR,,,2024-12-20 20:01:58
https://asap-aquarium.com,25,Currency: INR,,,2024-12-20 20:01:58
https://concrete-everything.com,25,Currency: INR,,,2024-12-20 20:02:52
https://stiger-woods.com,25,Currency: INR,,,2024-12-20 20:02:53
https://islandapothecary.com,25,Currency: INR,,,2024-12-20 20:03:08
https://rojosroastery.com,25,Currency: INR,,,2024-12-20 20:03:09
https://myflowersforever.com,25,Currency: INR,,,2024-12-20 20:03:09
https://floridaecoproducts.com,25,Currency: INR,,,2024-12-20 20:03:51
https://colmanandlucia.com,25,Currency: INR,,,2024-12-20 20:15:52
https://myflowersforeverjewelry.com,25,Currency: INR,,,2024-12-20 20:15:55
https://mcf-rarewine.com,25,Indian address format: pincode,,,2024-12-20 20:16:57
https://eight-x.com,25,Currency: INR,,,2024-12-20 20:17:23
https://lisasnaturalherbalcreations.com,25,Currency: INR,,,2024-12-20 20:17:24
https://thesefistsfly.com,25,Currency: INR,,,2024-12-20 20:17:58
https://terminalcityglass.com,25,Currency: INR,,,2024-12-20 20:18:13
https://lazyassbikers.com,25,Currency: INR,,,2024-12-20 20:18:33
https://helloadorn.com,25,Currency: INR,,,2024-12-20 20:18:37
https://shopschoolgirlstyle.com,25,Currency: INR,,,2024-12-20 20:18:52
https://dirtykneessoap.com,25,Currency: INR,,,2024-12-20 20:19:07
https://owayurika.com,25,Currency: INR,,,2024-12-20 20:20:08
https://theshopvancouver.com,25,Currency: INR,,,2024-12-20 20:20:31
https://soprettycaracotter.com,25,Currency: INR,,,2024-12-20 20:20:32
https://toccotoscano.com,25,Currency: INR,,,2024-12-20 20:20:32
https://stonycreekcolors.com,25,Currency: INR,,,2024-12-20 20:20:39
https://blackandnobel.com,25,Indian address format: pin-code,,,2024-12-20 20:20:39
https://bowfishkids.com,25,Currency: INR,,,2024-12-20 20:20:42
https://hamptonct.com,25,Currency: INR,,,2024-12-20 20:20:59
https://rpidiesel.com,25,Currency: INR,,,2024-12-20 20:21:08
https://robertwstolz.com,25,Currency: INR,,,2024-12-20 20:21:23
https://bargainlove.com,25,Currency: INR,,,2024-12-20 20:21:24
https://nufabrx.com,25,Currency: INR,,,2024-12-20 20:21:38
https://piperandskye.com,25,Currency: INR,,,2024-12-20 20:21:55
https://duelgamecalls.com,25,Currency: INR,,,2024-12-20 20:21:57
https://greyman-tactical.com,25,Currency: INR,,,2024-12-20 20:22:00
https://flavortoothpicks.com,25,Currency: INR,,,2024-12-20 20:22:16
https://coucou-boston.com,25,Currency: INR,,,2024-12-20 20:22:18
https://lousondrums.com,25,Currency: INR,,,2024-12-20 20:22:21
https://supernaturalgoods.com,25,Currency: INR,,,2024-12-20 20:22:25
https://bestomart.com,25,Indian address format: pincode,,,2024-12-20 20:22:44
https://meripex.com,25,Currency: INR,,,2024-12-20 20:22:44
https://smithfarmsproducts.com,25,Currency: INR,,,2024-12-20 20:23:10
https://gem-set-love.com,25,Currency: INR,,,2024-12-20 20:23:31
https://ampersandave.com,25,Currency: INR,,,2024-12-20 20:23:34
https://foundergoods.com,25,Currency: INR,,,2024-12-20 20:23:35
https://littleraeprints.com,25,Currency: INR,,,2024-12-20 20:23:43
https://pensavings.com,25,Currency: INR,,,2024-12-20 20:23:45
https://silverlogy.com,25,Meta locale: IN,IN,,2024-12-20 20:23:58
https://tasselchildrenshoes.com,25,Currency: INR,,,2024-12-20 20:24:07
https://freshcutsclothing.com,25,Currency: INR,,,2024-12-20 20:24:11
https://adonisunderwear.com,25,Currency: INR,,,2024-12-20 20:24:20
https://rangriwaaz.com,25,Currency: INR,,,2024-12-20 20:24:21
https://joyjolt.com,25,Currency: INR,,,2024-12-20 20:24:37
https://something-temporary.myshopify.com,25,Currency: INR,,,2024-12-20 20:24:46
https://thegatherersgrove.com,25,Currency: INR,,,2024-12-20 20:24:55
https://sloaneboutique.com,25,Currency: INR,,,2024-12-20 20:24:58
https://wemestore.com,25,Currency: INR,,,2024-12-20 20:25:00
https://royaljellyharlem.com,25,Currency: INR,,,2024-12-20 20:25:23
https://backstageoriginals.com,25,Currency: INR,,,2024-12-20 20:25:24
https://chopsueyclub.com,25,Currency: INR,,,2024-12-20 20:25:26
https://anetik.com,25,Currency: INR,,,2024-12-20 20:25:58
https://gymreapers.com,25,Currency: INR,,,2024-12-20 20:26:07
https://printerspartsusa.com,25,Currency: INR,,,2024-12-20 20:26:29
https://o2totes.com,25,Currency: INR,,,2024-12-20 20:26:31
https://cocomoonhawaii.com,25,Currency: INR,,,2024-12-20 20:26:50
https://wallshoppe.com,25,Currency: INR,,,2024-12-20 20:27:07
https://berrylush.com,25,Currency: INR,,,2024-12-20 20:27:12
https://truhair.com,25,Currency: INR,,,2024-12-20 20:27:29
https://lostandforged.com,25,Currency: INR,,,2024-12-20 20:27:42
https://shopstems.com,25,Indian address format: pincode,,,2024-12-20 20:27:53
https://tekniksalon.com,25,Currency: INR,,,2024-12-20 20:28:16
https://nomadicfriends.com,25,Currency: INR,,,2024-12-20 20:29:43
https://boacasa.com,25,Currency: INR,,,2024-12-20 20:29:43
https://clhei.com,25,Currency: INR,,,2024-12-20 20:29:58
https://pinkavocet.com,25,Currency: INR,,,2024-12-20 20:29:59
https://michaelhanz.com,25,Currency: INR,,,2024-12-20 20:30:03
https://borntea.com,25,Currency: INR,,,2024-12-20 20:30:51
https://astralchrysalis.com,25,Currency: INR,,,2024-12-20 20:32:09
https://neverhome.com,25,Currency: INR,,,2024-12-20 20:32:25
https://singbowls.com,25,Currency: INR,,,2024-12-20 20:33:24
https://abbiosciences.com,25,Currency: INR,,,2024-12-20 20:33:34
https://nikkiwilliams.com,25,Currency: INR,,,2024-12-20 20:33:50
https://machineartshop.com,25,Currency: INR,,,2024-12-20 20:33:53
https://theapparelcollective.com,25,Currency: INR,,,2024-12-20 20:34:03
https://saltflatsclothing.com,25,Currency: INR,,,2024-12-20 20:34:44
https://omoniboutique.com,25,Currency: INR,,,2024-12-20 20:34:53
https://madewithspin.com,25,Currency: INR,,,2024-12-20 20:34:57
https://reinaolga.com,25,Currency: INR,,,2024-12-20 20:35:13
https://softballism.com,25,Currency: INR,,,2024-12-20 20:35:14
https://localurbanbites.com,25,Currency: INR,,,2024-12-20 20:35:35
https://domebeauty.com,25,Currency: INR,,,2024-12-20 20:35:43
https://evasbeautystore.com,25,Currency: INR,,,2024-12-20 20:36:00
https://rockparadise.com,25,Currency: INR,,,2024-12-20 20:36:36
https://nindyaa.com,25,Currency: INR,,,2024-12-20 20:36:40
https://thelionandthefish.com,25,Currency: INR,,,2024-12-20 20:36:46
https://axiis-ea.com,25,Currency: INR,,,2024-12-20 20:36:48
