Page,Domain,Timestamp
47,littlelocal.in,2024-12-20 18:37:36
47,liyo.in,2024-12-20 18:37:36
47,lovechange.in,2024-12-20 18:37:36
47,manifestdesign.in,2024-12-20 18:37:36
47,masabih.in,2024-12-20 18:37:36
47,mediko.in,2024-12-20 18:37:36
47,medimix.co.in,2024-12-20 18:37:36
47,mgstudio.in,2024-12-20 18:37:36
47,mojopanda.co.in,2024-12-20 18:37:36
47,modalo.in,2024-12-20 18:37:36
47,murtle.in,2024-12-20 18:37:36
47,mylilprincess.in,2024-12-20 18:37:36
47,navvi.in,2024-12-20 18:37:36
47,niteflite.in,2024-12-20 18:37:36
47,notebit.in,2024-12-20 18:37:36
47,nutribears.in,2024-12-20 18:37:36
47,nuluv.in,2024-12-20 18:37:36
47,nutribee.in,2024-12-20 18:37:36
47,onelook.in,2024-12-20 18:37:36
47,orchardlane.in,2024-12-20 18:37:36
47,paceinternational.in,2024-12-20 18:37:36
47,perb.in,2024-12-20 18:37:36
47,peoli.in,2024-12-20 18:37:36
47,perfumebazaar.in,2024-12-20 18:37:36
47,personalizationstore.in,2024-12-20 18:37:36
47,pinstripes.in,2024-12-20 18:37:36
47,poonch.in,2024-12-20 18:37:36
47,prakrta.in,2024-12-20 18:37:36
47,prowomen.in,2024-12-20 18:37:36
47,rasperonline.in,2024-12-20 18:37:36
6,bestomart.co.in,2024-12-20 18:37:36
6,ibra.in,2024-12-20 18:37:36
6,lifeinslowmotion.in,2024-12-20 18:37:36
6,eurekalabs.in,2024-12-20 18:37:36
6,giftplants.in,2024-12-20 18:37:36
6,trunki.in,2024-12-20 18:37:36
6,exquisite.co.in,2024-12-20 18:37:36
6,suziroher.in,2024-12-20 18:37:36
6,bourb.in,2024-12-20 18:37:36
6,backhairshaver.in,2024-12-20 18:37:36
6,girardsystems.in,2024-12-20 18:37:36
6,bestomart.in,2024-12-20 18:37:36
6,kshitija.in,2024-12-20 18:37:36
6,iseeyoulook.in,2024-12-20 18:37:36
6,yumfruits.in,2024-12-20 18:37:36
6,geniuspack.in,2024-12-20 18:37:36
6,taxifabric.in,2024-12-20 18:37:36
6,lathaputtanna.in,2024-12-20 18:37:36
6,bakersspring.in,2024-12-20 18:37:36
6,nutcasehelmets.in,2024-12-20 18:37:36
6,dermpointe.in,2024-12-20 18:37:36
6,keyaseth.co.in,2024-12-20 18:37:36
6,kickstartclothing.in,2024-12-20 18:37:36
6,mn8products.in,2024-12-20 18:37:36
6,urbandesi.co.in,2024-12-20 18:37:36
6,superwholesale.in,2024-12-20 18:37:36
6,fresheats.in,2024-12-20 18:37:36
6,bengalisari.in,2024-12-20 18:37:36
6,steelers.in,2024-12-20 18:37:36
6,swaali.in,2024-12-20 18:37:36
34,freshhut.in,2024-12-20 18:37:36
34,armen.in,2024-12-20 18:37:36
34,maiora.in,2024-12-20 18:37:36
34,neves.in,2024-12-20 18:37:36
34,shoppingpoint.in,2024-12-20 18:37:36
34,bikaoo.in,2024-12-20 18:37:36
34,miraclegems.in,2024-12-20 18:37:36
34,woodinteriors.in,2024-12-20 18:37:36
34,rkdesigner.in,2024-12-20 18:37:36
34,nanocleanse.in,2024-12-20 18:37:36
34,itgirl.in,2024-12-20 18:37:36
34,tickles.in,2024-12-20 18:37:36
34,stic.in,2024-12-20 18:37:36
34,kehwah.in,2024-12-20 18:37:36
34,curiocottage.in,2024-12-20 18:37:36
34,mudrika.in,2024-12-20 18:37:36
34,floralworks.in,2024-12-20 18:37:36
34,socialstudies.in,2024-12-20 18:37:36
34,astami.in,2024-12-20 18:37:36
34,hashone.in,2024-12-20 18:37:36
34,myhof.in,2024-12-20 18:37:36
34,schokolade.co.in,2024-12-20 18:37:36
34,artychoke.in,2024-12-20 18:37:36
34,buckleup.in,2024-12-20 18:37:36
34,elekart.in,2024-12-20 18:37:36
34,shop2day.in,2024-12-20 18:37:36
34,yarnz.in,2024-12-20 18:37:36
34,drtanya.in,2024-12-20 18:37:36
34,truesouth.in,2024-12-20 18:37:36
34,maximaworld.in,2024-12-20 18:37:36
32,slimquick.in,2024-12-20 18:37:36
32,topdrawer.in,2024-12-20 18:37:36
32,dailygadgets.in,2024-12-20 18:37:36
32,subtract.in,2024-12-20 18:37:36
32,jinnie.in,2024-12-20 18:37:36
32,thebag.co.in,2024-12-20 18:37:36
32,jaggisweets.in,2024-12-20 18:37:36
32,sheis.in,2024-12-20 18:37:36
32,legwork.in,2024-12-20 18:37:36
32,techhomes.in,2024-12-20 18:37:36
32,morni.in,2024-12-20 18:37:36
32,lalingerie.in,2024-12-20 18:37:36
32,ohs.in,2024-12-20 18:37:36
32,daphne.co.in,2024-12-20 18:37:36
32,ghpc.in,2024-12-20 18:37:36
32,ondesk.in,2024-12-20 18:37:36
32,sheelashoes.in,2024-12-20 18:37:36
32,shophandmade.in,2024-12-20 18:37:36
32,zeeluxury.co.in,2024-12-20 18:37:36
32,moonray.in,2024-12-20 18:37:36
32,clok.in,2024-12-20 18:37:36
32,indibay.in,2024-12-20 18:37:36
32,sunfarm.in,2024-12-20 18:37:36
32,buymate.in,2024-12-20 18:37:36
32,luxmitea.in,2024-12-20 18:37:36
32,humma.in,2024-12-20 18:37:36
32,dermalogica.in,2024-12-20 18:37:36
32,ezeelife.in,2024-12-20 18:37:36
32,riders.co.in,2024-12-20 18:37:36
32,fastandfresh.in,2024-12-20 18:37:36
19,360games.in,2024-12-20 18:37:36
19,heirloomseeds.in,2024-12-20 18:37:36
19,drmonga.in,2024-12-20 18:37:36
19,butanidermatology.in,2024-12-20 18:37:36
19,keebovet.in,2024-12-20 18:37:36
19,adrisya.in,2024-12-20 18:37:36
19,backdropsource.in,2024-12-20 18:37:36
19,yummie.in,2024-12-20 18:37:36
19,hazaarbazaar.in,2024-12-20 18:37:36
19,butaniskin.in,2024-12-20 18:37:36
19,sodaclub.in,2024-12-20 18:37:36
19,omegaelectric.in,2024-12-20 18:37:36
19,astore.in,2024-12-20 18:37:36
19,me-sleep.in,2024-12-20 18:37:36
19,amante.co.in,2024-12-20 18:37:36
19,aapkamart.in,2024-12-20 18:37:36
19,pilgrim.in,2024-12-20 18:37:36
19,64facets.in,2024-12-20 18:37:36
19,crystalquest.in,2024-12-20 18:37:36
19,datago.in,2024-12-20 18:37:36
19,beingsafe.co.in,2024-12-20 18:37:36
19,yummietummie.in,2024-12-20 18:37:36
19,lacs.in,2024-12-20 18:37:36
19,sripalsanijewels.co.in,2024-12-20 18:37:36
19,fascination.in,2024-12-20 18:37:36
19,adorecosmetics.in,2024-12-20 18:37:36
19,cellucor.in,2024-12-20 18:37:36
19,bodygroomer.in,2024-12-20 18:37:36
19,cleverpet.in,2024-12-20 18:37:36
19,palsanijewels.co.in,2024-12-20 18:37:36
61,mamaste.in,2024-12-20 18:37:36
61,nikkar.in,2024-12-20 18:37:36
61,onemerch.in,2024-12-20 18:37:36
61,bathoutlet.in,2024-12-20 18:37:36
61,9grams.in,2024-12-20 18:37:36
61,ishitamangal.in,2024-12-20 18:37:36
61,snugbery.in,2024-12-20 18:37:36
61,niftyhomes.in,2024-12-20 18:37:36
61,westnest.in,2024-12-20 18:37:36
61,zvatra.in,2024-12-20 18:37:36
61,firekicks.in,2024-12-20 18:37:36
61,hopenursery.in,2024-12-20 18:37:36
61,b2bbox.in,2024-12-20 18:37:36
61,irangoli.in,2024-12-20 18:37:36
61,shopblaze.in,2024-12-20 18:37:36
61,happispace.in,2024-12-20 18:37:36
61,adamandco.in,2024-12-20 18:37:36
61,fluffalump.co.in,2024-12-20 18:37:36
61,closetcode.in,2024-12-20 18:37:36
61,pintor.in,2024-12-20 18:37:36
61,sunglassesmart.in,2024-12-20 18:37:36
61,scentme.in,2024-12-20 18:37:36
61,verden.in,2024-12-20 18:37:36
61,milletbank.in,2024-12-20 18:37:36
61,autosparz.in,2024-12-20 18:37:36
61,mornicouture.in,2024-12-20 18:37:36
61,sanskrutihomes.in,2024-12-20 18:37:36
61,nutrabasket.in,2024-12-20 18:37:36
61,enzorossi.in,2024-12-20 18:37:36
61,wheaty.in,2024-12-20 18:37:36
60,elementarywebdesign.co.in,2024-12-20 18:37:36
60,sterlingselect.in,2024-12-20 18:37:36
60,majesticbookclub.in,2024-12-20 18:37:36
60,velguard.in,2024-12-20 18:37:36
60,luxurysales.in,2024-12-20 18:37:36
60,1organic.in,2024-12-20 18:37:36
60,evercrafty.in,2024-12-20 18:37:36
60,thekhas.in,2024-12-20 18:37:36
60,mikami.in,2024-12-20 18:37:36
60,rajupickles.in,2024-12-20 18:37:36
60,urbanpoche.in,2024-12-20 18:37:36
60,goingzero.in,2024-12-20 18:37:36
60,yourgiftshop.in,2024-12-20 18:37:36
60,teaology.in,2024-12-20 18:37:36
60,shopwithtrends.in,2024-12-20 18:37:36
60,currypatta.in,2024-12-20 18:37:36
60,oradorobeauty.in,2024-12-20 18:37:36
60,ktusu.in,2024-12-20 18:37:36
60,satyamkraft.in,2024-12-20 18:37:36
60,karghagiri.in,2024-12-20 18:37:36
60,podiworld.in,2024-12-20 18:37:36
60,rarebazaar.in,2024-12-20 18:37:36
60,yourbuddy.in,2024-12-20 18:37:36
60,anuki.in,2024-12-20 18:37:36
60,seed2plant.in,2024-12-20 18:37:36
60,homefluff.in,2024-12-20 18:37:36
60,draftingboard.in,2024-12-20 18:37:36
60,kitster.in,2024-12-20 18:37:36
60,gurukulayurved.in,2024-12-20 18:37:36
60,greathappy.in,2024-12-20 18:37:36
5,parinita.co.in,2024-12-20 18:37:36
5,freedomtree.in,2024-12-20 18:37:36
5,unlimitednutrition.in,2024-12-20 18:37:36
5,propelfitness.in,2024-12-20 18:37:36
5,propshop24.in,2024-12-20 18:37:36
5,curegarden.in,2024-12-20 18:37:36
5,v-v-v.in,2024-12-20 18:37:36
5,mangroomer.in,2024-12-20 18:37:36
5,mag-tools.in,2024-12-20 18:37:36
5,tadpolestore.in,2024-12-20 18:37:36
5,cleosara.co.in,2024-12-20 18:37:36
5,moobaa.in,2024-12-20 18:37:36
5,shreekailash.co.in,2024-12-20 18:37:36
5,cavs.in,2024-12-20 18:37:36
5,jewelberry.in,2024-12-20 18:37:36
5,hkconcepts.in,2024-12-20 18:37:36
5,venusrox.in,2024-12-20 18:37:36
5,glitzdesign.in,2024-12-20 18:37:36
5,tomas-maier.in,2024-12-20 18:37:36
5,solidwood.in,2024-12-20 18:37:36
5,petshoponline.in,2024-12-20 18:37:36
5,furnishmantra.in,2024-12-20 18:37:36
5,chiquitita.in,2024-12-20 18:37:36
5,gdiapers.in,2024-12-20 18:37:36
5,zippofashion.in,2024-12-20 18:37:36
5,reliablesecurityservices.in,2024-12-20 18:37:36
5,aviv.in,2024-12-20 18:37:36
5,brainflower.in,2024-12-20 18:37:36
5,menorahnotebooks.in,2024-12-20 18:37:36
5,hellohater.in,2024-12-20 18:37:36
22,giftona.in,2024-12-20 18:37:36
22,panachehautecouture.co.in,2024-12-20 18:37:36
22,nefficar.in,2024-12-20 18:37:36
22,merakiaccessories.in,2024-12-20 18:37:36
22,fairkonnect.in,2024-12-20 18:37:36
22,caferacer.co.in,2024-12-20 18:37:36
22,cookiexp.in,2024-12-20 18:37:36
22,namakh.in,2024-12-20 18:37:36
22,easygro.in,2024-12-20 18:37:36
22,meltingfoods.in,2024-12-20 18:37:36
22,stylemati.in,2024-12-20 18:37:36
22,brahmabull.in,2024-12-20 18:37:36
22,dotaero.in,2024-12-20 18:37:36
22,handmadecart.in,2024-12-20 18:37:36
22,giftoo.in,2024-12-20 18:37:36
22,blingbag.co.in,2024-12-20 18:37:36
22,extraverso.in,2024-12-20 18:37:36
22,drsheths.in,2024-12-20 18:37:36
22,mysoulspace.in,2024-12-20 18:37:36
22,bennch.in,2024-12-20 18:37:36
22,munchkinz.in,2024-12-20 18:37:36
22,omoyajewellery.in,2024-12-20 18:37:36
22,nakshatrajewels.in,2024-12-20 18:37:36
22,gearandgadgets.in,2024-12-20 18:37:36
22,petsup.in,2024-12-20 18:37:36
22,ecosave.in,2024-12-20 18:37:36
22,stonesoup.in,2024-12-20 18:37:36
22,hippietoes.in,2024-12-20 18:37:36
22,homeloft.in,2024-12-20 18:37:36
22,naturma.in,2024-12-20 18:37:36
62,chaukhat.in,2024-12-20 18:37:36
62,gostationery.in,2024-12-20 18:37:36
62,themetalproject.co.in,2024-12-20 18:37:36
62,artisansoul.in,2024-12-20 18:37:36
62,akheri.in,2024-12-20 18:37:36
62,tressca.in,2024-12-20 18:37:36
62,vibralife.in,2024-12-20 18:37:36
62,alkimi.in,2024-12-20 18:37:36
62,elmandoak.in,2024-12-20 18:37:36
62,barbox.in,2024-12-20 18:37:36
62,naturalpetals.in,2024-12-20 18:37:36
62,fixcoffee.in,2024-12-20 18:37:36
62,tornador.in,2024-12-20 18:37:36
62,roden.co.in,2024-12-20 18:37:36
62,somethingsustainable.in,2024-12-20 18:37:36
62,anjulbhandari.in,2024-12-20 18:37:36
62,nutriforest.in,2024-12-20 18:37:36
62,suzone.in,2024-12-20 18:37:36
62,ashvatha.in,2024-12-20 18:37:36
62,niknok.in,2024-12-20 18:37:36
62,maruthiayurvedic.in,2024-12-20 18:37:36
62,thelightstory.in,2024-12-20 18:37:36
62,prosellers.in,2024-12-20 18:37:36
62,valenciaonline.in,2024-12-20 18:37:36
62,heykart.in,2024-12-20 18:37:36
62,eversince.in,2024-12-20 18:37:36
62,barksandwags.in,2024-12-20 18:37:36
62,efwbyfathima.in,2024-12-20 18:37:36
62,zams.co.in,2024-12-20 18:37:36
62,bruijn.in,2024-12-20 18:37:36
49,xenonplanet.in,2024-12-20 18:37:36
49,yobabyindia.in,2024-12-20 18:37:36
49,zarika.in,2024-12-20 18:37:36
49,zense.in,2024-12-20 18:37:36
49,loveorganically.in,2024-12-20 18:37:36
49,oracura.in,2024-12-20 18:37:36
49,thesupplementstore.in,2024-12-20 18:37:36
49,theshirtfactory.in,2024-12-20 18:37:36
49,destinio.in,2024-12-20 18:37:36
49,thebeautyco.in,2024-12-20 18:37:36
49,herbessential.in,2024-12-20 18:37:36
49,oorjaa.in,2024-12-20 18:37:36
49,carra.co.in,2024-12-20 18:37:36
49,mischiefclothing.in,2024-12-20 18:37:36
49,amrutam.co.in,2024-12-20 18:37:36
49,organiko.in,2024-12-20 18:37:36
49,calcuttan.in,2024-12-20 18:37:36
49,ekmek.in,2024-12-20 18:37:36
49,seedballs.in,2024-12-20 18:37:36
49,genieinabottle.in,2024-12-20 18:37:36
49,shunyaindia.in,2024-12-20 18:37:36
49,clickbuy.co.in,2024-12-20 18:37:36
49,smilykiddos.in,2024-12-20 18:37:36
49,babypro.co.in,2024-12-20 18:37:36
49,skillmatics.in,2024-12-20 18:37:36
49,threethree.in,2024-12-20 18:37:36
49,cosmetofood.in,2024-12-20 18:37:36
49,nicheshoe.in,2024-12-20 18:37:36
49,sreeleathers.org.in,2024-12-20 18:37:36
49,intoxicake.in,2024-12-20 18:37:36
46,eastea.in,2024-12-20 18:37:36
46,exoticgreen.in,2024-12-20 18:37:36
46,fablore.in,2024-12-20 18:37:36
46,gandhimart.in,2024-12-20 18:37:36
46,gloryindia.in,2024-12-20 18:37:36
46,gonative.in,2024-12-20 18:37:36
46,greyrock.in,2024-12-20 18:37:36
46,haans.co.in,2024-12-20 18:37:36
46,harsh-enterprises.in,2024-12-20 18:37:36
46,happykid.in,2024-12-20 18:37:36
46,hasora.in,2024-12-20 18:37:36
46,homeedge.co.in,2024-12-20 18:37:36
46,homeartisan.in,2024-12-20 18:37:36
46,honeystore.in,2024-12-20 18:37:36
46,hotbreads.co.in,2024-12-20 18:37:36
46,hoox.in,2024-12-20 18:37:36
46,hulidevana.in,2024-12-20 18:37:36
46,iartgallery.in,2024-12-20 18:37:36
46,inayat.in,2024-12-20 18:37:36
46,indusmails.in,2024-12-20 18:37:36
46,j4kids.in,2024-12-20 18:37:36
46,kairaglobal.in,2024-12-20 18:37:36
46,juwelinaparis.in,2024-12-20 18:37:36
46,kalchi.in,2024-12-20 18:37:36
46,kautilya.in,2024-12-20 18:37:36
46,keyasetharomatherapy.in,2024-12-20 18:37:36
46,kidstudio.in,2024-12-20 18:37:36
46,latique.in,2024-12-20 18:37:36
46,littlepumpkin.in,2024-12-20 18:37:36
46,livingwaters.co.in,2024-12-20 18:37:36
20,aradesigns.in,2024-12-20 18:37:36
20,shannonreed.in,2024-12-20 18:37:36
20,applefit.in,2024-12-20 18:37:36
20,ifilters.in,2024-12-20 18:37:36
20,itsmylifejeans.in,2024-12-20 18:37:36
20,artelan.in,2024-12-20 18:37:36
20,speczone.in,2024-12-20 18:37:36
20,designer-clothes.in,2024-12-20 18:37:36
20,bigmall.in,2024-12-20 18:37:36
20,fashionnation.co.in,2024-12-20 18:37:36
20,scimedprecision.in,2024-12-20 18:37:36
20,tyohaar.co.in,2024-12-20 18:37:36
20,bestclothes.in,2024-12-20 18:37:36
20,atoot.in,2024-12-20 18:37:36
20,ex-pats.in,2024-12-20 18:37:36
20,cheapestgames.in,2024-12-20 18:37:36
20,makemestylish.in,2024-12-20 18:37:36
20,butaniderm.in,2024-12-20 18:37:36
20,kendama.in,2024-12-20 18:37:36
20,celldsgn.in,2024-12-20 18:37:36
20,singhvijewels.co.in,2024-12-20 18:37:36
20,lightstudio.co.in,2024-12-20 18:37:36
20,lamanatorplus.in,2024-12-20 18:37:36
20,mumbaicommunity.in,2024-12-20 18:37:36
20,zoey.in,2024-12-20 18:37:36
20,cyclop.in,2024-12-20 18:37:36
20,khushbu.co.in,2024-12-20 18:37:36
20,kleankanteen.co.in,2024-12-20 18:37:36
20,asharkeyhub.in,2024-12-20 18:37:36
20,urbanskinny.co.in,2024-12-20 18:37:36
33,iamlove.in,2024-12-20 18:37:36
33,dyna-tech.in,2024-12-20 18:37:36
33,miscellanea.co.in,2024-12-20 18:37:36
33,dionne.in,2024-12-20 18:37:36
33,janaab.in,2024-12-20 18:37:36
33,brwn.in,2024-12-20 18:37:36
33,paquet.in,2024-12-20 18:37:36
33,wannabe.in,2024-12-20 18:37:36
33,studioverandah.in,2024-12-20 18:37:36
33,thefashionhut.in,2024-12-20 18:37:36
33,indiatrendshop.in,2024-12-20 18:37:36
33,ainos.in,2024-12-20 18:37:36
33,tinytown.in,2024-12-20 18:37:36
33,rajasthanjewellers.in,2024-12-20 18:37:36
33,birkenstock.in,2024-12-20 18:37:36
33,flemingo.in,2024-12-20 18:37:36
33,worldone.in,2024-12-20 18:37:36
33,wolfs.in,2024-12-20 18:37:36
33,secondwind.in,2024-12-20 18:37:36
33,healthybasket.in,2024-12-20 18:37:36
33,theverandah.co.in,2024-12-20 18:37:36
33,myepique.in,2024-12-20 18:37:36
33,abmgroup.in,2024-12-20 18:37:36
33,starin.in,2024-12-20 18:37:36
33,kaunteya.in,2024-12-20 18:37:36
33,tiarajewels.in,2024-12-20 18:37:36
33,luckystore.in,2024-12-20 18:37:36
33,instapure.in,2024-12-20 18:37:36
33,preetywomen.in,2024-12-20 18:37:36
33,havaianas.in,2024-12-20 18:37:36
65,subtractstudio.in,2024-12-20 18:37:36
65,niviweavingtraditions.in,2024-12-20 18:37:36
65,trendyvibes.in,2024-12-20 18:37:36
65,pinkville.in,2024-12-20 18:37:36
65,dagina.in,2024-12-20 18:37:36
65,perfectkart.in,2024-12-20 18:37:36
65,uniquebazar.in,2024-12-20 18:37:36
65,batato.in,2024-12-20 18:37:36
65,trykar.in,2024-12-20 18:37:36
65,mypurmist.in,2024-12-20 18:37:36
65,muray.in,2024-12-20 18:37:36
65,spotmart.in,2024-12-20 18:37:36
65,ruks.co.in,2024-12-20 18:37:36
65,blackbirdoutlet.in,2024-12-20 18:37:36
65,psautoparts.in,2024-12-20 18:37:36
65,everybodysnuts.in,2024-12-20 18:37:36
65,purplepeanut.in,2024-12-20 18:37:36
65,sonamluthria.in,2024-12-20 18:37:36
65,aadishoes.in,2024-12-20 18:37:36
65,magiccolours.co.in,2024-12-20 18:37:36
65,thegoodthing.in,2024-12-20 18:37:36
65,labvision.co.in,2024-12-20 18:37:36
65,phonesoap.in,2024-12-20 18:37:36
65,braclo.in,2024-12-20 18:37:36
65,nevenue.in,2024-12-20 18:37:36
65,sheetalzaveri.in,2024-12-20 18:37:36
65,urban-fashion.in,2024-12-20 18:37:36
65,meoan.in,2024-12-20 18:37:36
65,preetijhawar.in,2024-12-20 18:37:36
65,smartgreens.in,2024-12-20 18:37:36
21,downshift.in,2024-12-20 18:37:36
21,apkamart.in,2024-12-20 18:37:36
21,sarafurniture.in,2024-12-20 18:37:36
21,thehundreds.in,2024-12-20 18:37:36
21,prohair.co.in,2024-12-20 18:37:36
21,fashion-nation.in,2024-12-20 18:37:36
21,cuteens.in,2024-12-20 18:37:36
21,seeyoulook.in,2024-12-20 18:37:36
21,chudiwala.in,2024-12-20 18:37:36
21,cheapclothes.in,2024-12-20 18:37:36
21,colettehayman.in,2024-12-20 18:37:36
21,vintagegoth.co.in,2024-12-20 18:37:36
21,ayuroma.in,2024-12-20 18:37:36
21,naturo.co.in,2024-12-20 18:37:36
21,davida.co.in,2024-12-20 18:37:36
21,cheapgadgets.in,2024-12-20 18:37:36
21,yellowart.in,2024-12-20 18:37:36
21,craftsandlooms.in,2024-12-20 18:37:36
21,anjuskin.in,2024-12-20 18:37:36
21,hamalstar.in,2024-12-20 18:37:36
21,zippobags.in,2024-12-20 18:37:36
21,prettyrandom.in,2024-12-20 18:37:36
21,cheapauction.in,2024-12-20 18:37:36
21,platinumring.in,2024-12-20 18:37:36
21,epicquotes.in,2024-12-20 18:37:36
21,myhappybox.in,2024-12-20 18:37:36
21,bigbouquet.in,2024-12-20 18:37:36
21,ruse.in,2024-12-20 18:37:36
21,runawaybicycle.in,2024-12-20 18:37:36
21,globox.in,2024-12-20 18:37:36
48,raunakpunjabijutti.in,2024-12-20 18:37:36
48,redhalo.in,2024-12-20 18:37:36
48,remek.in,2024-12-20 18:37:36
48,royalroutes.in,2024-12-20 18:37:36
48,rynestone.in,2024-12-20 18:37:36
48,saltskin.in,2024-12-20 18:37:36
48,santara.in,2024-12-20 18:37:36
48,scooboo.in,2024-12-20 18:37:36
48,silvosouk.in,2024-12-20 18:37:36
48,smartclues.in,2024-12-20 18:37:36
48,socialnomad.in,2024-12-20 18:37:36
48,sporgstores.in,2024-12-20 18:37:36
48,steadfastnutrition.in,2024-12-20 18:37:36
48,streetsoul.in,2024-12-20 18:37:36
48,streetwear.co.in,2024-12-20 18:37:36
48,stretchery.in,2024-12-20 18:37:36
48,supervek.in,2024-12-20 18:37:36
48,thebestgifts.in,2024-12-20 18:37:36
48,thekettlery.in,2024-12-20 18:37:36
48,thetailormade.in,2024-12-20 18:37:36
48,thestepup.co.in,2024-12-20 18:37:36
48,threadworks.in,2024-12-20 18:37:36
48,todaymart.in,2024-12-20 18:37:36
48,trinketsandmore.in,2024-12-20 18:37:36
48,type7.in,2024-12-20 18:37:36
48,ultramile.in,2024-12-20 18:37:36
48,unavailable.co.in,2024-12-20 18:37:36
48,unimod.co.in,2024-12-20 18:37:36
48,vhaan.in,2024-12-20 18:37:36
48,wekare.in,2024-12-20 18:37:36
37,mybudgetstore.in,2024-12-20 18:37:36
37,getdelivery.in,2024-12-20 18:37:36
37,southport.in,2024-12-20 18:37:36
37,familyadda.in,2024-12-20 18:37:36
37,carsonics.in,2024-12-20 18:37:36
37,ilyf.in,2024-12-20 18:37:36
37,offduty.in,2024-12-20 18:37:36
37,shreen.in,2024-12-20 18:37:36
37,gourmaison.in,2024-12-20 18:37:36
37,sportsxpress.in,2024-12-20 18:37:36
37,dentalexpress.in,2024-12-20 18:37:36
37,voipshop.in,2024-12-20 18:37:36
37,xado.in,2024-12-20 18:37:36
37,theoutlier.in,2024-12-20 18:37:36
37,turnorganic.in,2024-12-20 18:37:36
37,okura.in,2024-12-20 18:37:36
37,nito.co.in,2024-12-20 18:37:36
37,yourownshop.in,2024-12-20 18:37:36
37,kasumi.in,2024-12-20 18:37:36
37,zeemart.in,2024-12-20 18:37:36
37,plantex.in,2024-12-20 18:37:36
37,lotusveda.in,2024-12-20 18:37:36
37,theblueelephant.in,2024-12-20 18:37:36
37,royalfantasy.in,2024-12-20 18:37:36
37,mymuzik.in,2024-12-20 18:37:36
37,rebba.in,2024-12-20 18:37:36
37,theindiashop.in,2024-12-20 18:37:36
37,gofit.in,2024-12-20 18:37:36
37,familyfashion.in,2024-12-20 18:37:36
37,mazix.in,2024-12-20 18:37:36
9,motocentral.in,2024-12-20 18:37:36
9,drbutani.in,2024-12-20 18:37:36
9,mpowerd.in,2024-12-20 18:37:36
9,torchshop.in,2024-12-20 18:37:36
9,trajanscimed.in,2024-12-20 18:37:36
9,ezyroller.co.in,2024-12-20 18:37:36
9,endlesssupplies.in,2024-12-20 18:37:36
9,dermpoint.in,2024-12-20 18:37:36
9,corkcicle.in,2024-12-20 18:37:36
9,butaniskincare.in,2024-12-20 18:37:36
9,soultree.co.in,2024-12-20 18:37:36
9,mindus.in,2024-12-20 18:37:36
9,supremepromos.co.in,2024-12-20 18:37:36
9,elahe.co.in,2024-12-20 18:37:36
9,ecott.in,2024-12-20 18:37:36
9,aristobrat.in,2024-12-20 18:37:36
9,bandbox.in,2024-12-20 18:37:36
9,11-11.in,2024-12-20 18:37:36
9,tapetum.in,2024-12-20 18:37:36
9,neesh.in,2024-12-20 18:37:36
9,truerevo.in,2024-12-20 18:37:36
9,thecakeworld.in,2024-12-20 18:37:36
9,johnpride.in,2024-12-20 18:37:36
9,drcharcoal.in,2024-12-20 18:37:36
9,preciousyou.in,2024-12-20 18:37:36
9,azga.in,2024-12-20 18:37:36
9,skinelements.in,2024-12-20 18:37:36
9,sstorm.in,2024-12-20 18:37:36
9,thestylesalad.in,2024-12-20 18:37:36
9,partylicious.in,2024-12-20 18:37:36
10,1upnutrition.in,2024-12-20 18:37:36
10,banarasiweaves.in,2024-12-20 18:37:36
10,kairuchi.in,2024-12-20 18:37:36
10,finesse.in,2024-12-20 18:37:36
10,peebuddy.in,2024-12-20 18:37:36
10,rigo.in,2024-12-20 18:37:36
10,uniformsarees.in,2024-12-20 18:37:36
10,carbonracing.in,2024-12-20 18:37:36
10,priveeparis.in,2024-12-20 18:37:36
10,catchycart.in,2024-12-20 18:37:36
10,minzmeat.in,2024-12-20 18:37:36
10,fishandmeat.in,2024-12-20 18:37:36
10,oziva.in,2024-12-20 18:37:36
10,shopvalley.in,2024-12-20 18:37:36
10,fgear.in,2024-12-20 18:37:36
10,rangrage.in,2024-12-20 18:37:36
10,kiron.co.in,2024-12-20 18:37:36
10,tc5.in,2024-12-20 18:37:36
10,kivalife.in,2024-12-20 18:37:36
10,shoppingoutlet.in,2024-12-20 18:37:36
10,teewink.in,2024-12-20 18:37:36
10,mobileloft.in,2024-12-20 18:37:36
10,wedtree.in,2024-12-20 18:37:36
10,etherbit.in,2024-12-20 18:37:36
10,hitplay.in,2024-12-20 18:37:36
10,heyzindagi.in,2024-12-20 18:37:36
10,breya.in,2024-12-20 18:37:36
10,kisan.in,2024-12-20 18:37:36
10,leafstudios.in,2024-12-20 18:37:36
10,cyberworldsystems.in,2024-12-20 18:37:36
24,beardbloom.in,2024-12-20 18:37:36
24,devarshy.in,2024-12-20 18:37:36
24,anayaonline.in,2024-12-20 18:37:36
24,claymen.in,2024-12-20 18:37:36
24,easyfeelproducts.in,2024-12-20 18:37:36
24,soulfitnutrition.in,2024-12-20 18:37:36
24,berrybay.in,2024-12-20 18:37:36
24,theseedstore.in,2024-12-20 18:37:36
24,shop-mercedes-benz.co.in,2024-12-20 18:37:36
24,ipaatti.in,2024-12-20 18:37:36
24,cristariaplicata.in,2024-12-20 18:37:36
24,learnx.co.in,2024-12-20 18:37:36
24,amantelingerie.in,2024-12-20 18:37:36
24,ultimolingerie.in,2024-12-20 18:37:36
24,decorativelight.in,2024-12-20 18:37:36
24,booksnbeyond.in,2024-12-20 18:37:36
24,crossloop.co.in,2024-12-20 18:37:36
24,miningstack.in,2024-12-20 18:37:36
24,imeora.in,2024-12-20 18:37:36
24,theassembly.in,2024-12-20 18:37:36
24,planterscup.in,2024-12-20 18:37:36
24,zeoveda.in,2024-12-20 18:37:36
24,bluetea.co.in,2024-12-20 18:37:36
24,bestpick.in,2024-12-20 18:37:36
24,madaari.co.in,2024-12-20 18:37:36
24,iwearkhadi.in,2024-12-20 18:37:36
24,tuds.in,2024-12-20 18:37:36
24,madish.in,2024-12-20 18:37:36
24,elextron.in,2024-12-20 18:37:36
24,healthcult.in,2024-12-20 18:37:36
67,octasmarttopper.in,2024-12-20 18:37:36
67,manohari.co.in,2024-12-20 18:37:36
67,manaca.in,2024-12-20 18:37:36
67,rovectin.in,2024-12-20 18:37:36
67,preetysidhu.in,2024-12-20 18:37:36
67,dailystaple.in,2024-12-20 18:37:36
67,lushvitality.in,2024-12-20 18:37:36
67,febo6.in,2024-12-20 18:37:36
67,marama.in,2024-12-20 18:37:36
67,lovefurniturestore.in,2024-12-20 18:37:36
67,vastrashastra.in,2024-12-20 18:37:36
67,nhea.in,2024-12-20 18:37:36
67,pepperandzest.in,2024-12-20 18:37:36
67,brilla.in,2024-12-20 18:37:36
67,gripped.in,2024-12-20 18:37:36
67,lokabazar.in,2024-12-20 18:37:36
67,vishara.in,2024-12-20 18:37:36
67,hairveda.in,2024-12-20 18:37:36
67,giftastic.in,2024-12-20 18:37:36
67,aomi.in,2024-12-20 18:37:36
67,houseofelegance.in,2024-12-20 18:37:36
67,silvero.in,2024-12-20 18:37:36
67,aathiyam.in,2024-12-20 18:37:36
67,indem.in,2024-12-20 18:37:36
67,hausparty.in,2024-12-20 18:37:36
67,poppyandco.in,2024-12-20 18:37:36
67,altersuperfoods.in,2024-12-20 18:37:36
67,allurecosmetics.in,2024-12-20 18:37:36
67,hangingthreads.in,2024-12-20 18:37:36
67,captionhome.in,2024-12-20 18:37:36
50,supercodes.in,2024-12-20 18:37:36
50,fashioncolour.in,2024-12-20 18:37:36
50,carrypro.in,2024-12-20 18:37:36
50,koyasgroup.in,2024-12-20 18:37:36
50,theinkbucket.in,2024-12-20 18:37:36
50,earthica.in,2024-12-20 18:37:36
50,globalmall.in,2024-12-20 18:37:36
50,blabel.in,2024-12-20 18:37:36
50,nutrac.in,2024-12-20 18:37:36
50,thewhitewillow.in,2024-12-20 18:37:36
50,earthinspired.in,2024-12-20 18:37:36
50,goodstuffco.in,2024-12-20 18:37:36
50,themomstore.in,2024-12-20 18:37:36
50,itoh.in,2024-12-20 18:37:36
50,coolberg.in,2024-12-20 18:37:36
50,shopdeck.in,2024-12-20 18:37:36
50,bombucha.in,2024-12-20 18:37:36
50,gearplay.in,2024-12-20 18:37:36
50,globalrepublic.in,2024-12-20 18:37:36
50,pureme.in,2024-12-20 18:37:36
50,wildpaper.in,2024-12-20 18:37:36
50,mrbarber.in,2024-12-20 18:37:36
50,rusorganic.in,2024-12-20 18:37:36
50,jewelstyle.in,2024-12-20 18:37:36
50,ic4.in,2024-12-20 18:37:36
50,naturetherapy.co.in,2024-12-20 18:37:36
50,goodvibesonly.in,2024-12-20 18:37:36
50,nathabit.in,2024-12-20 18:37:36
50,caseu.in,2024-12-20 18:37:36
50,frworld.in,2024-12-20 18:37:36
39,bareessentials.in,2024-12-20 18:37:36
39,wonderclean.in,2024-12-20 18:37:36
39,lulubazar.in,2024-12-20 18:37:36
39,jansi.in,2024-12-20 18:37:36
39,arhi.in,2024-12-20 18:37:36
39,glowup.co.in,2024-12-20 18:37:36
39,thefaceshop.in,2024-12-20 18:37:36
39,lilsmiles.in,2024-12-20 18:37:36
39,nainajain.in,2024-12-20 18:37:36
39,skyborn.in,2024-12-20 18:37:36
39,waterscience.in,2024-12-20 18:37:36
39,ubon.in,2024-12-20 18:37:36
39,indikart.in,2024-12-20 18:37:36
39,aevum.co.in,2024-12-20 18:37:36
39,uniqueclub.in,2024-12-20 18:37:36
39,fashionfemina.in,2024-12-20 18:37:36
39,solset.in,2024-12-20 18:37:36
39,multizone.in,2024-12-20 18:37:36
39,getdiscount.in,2024-12-20 18:37:36
39,minervacomputers.in,2024-12-20 18:37:36
39,miraclus.in,2024-12-20 18:37:36
39,jamesandco.in,2024-12-20 18:37:36
39,blackmagnum.in,2024-12-20 18:37:36
39,foolsclub.in,2024-12-20 18:37:36
39,magia.in,2024-12-20 18:37:36
39,cutelady.co.in,2024-12-20 18:37:36
39,jizo.in,2024-12-20 18:37:36
39,redhorns.in,2024-12-20 18:37:36
39,fabricbazar.in,2024-12-20 18:37:36
39,kaish.in,2024-12-20 18:37:36
35,adiraa.in,2024-12-20 18:37:36
35,littlebit.in,2024-12-20 18:37:36
35,barkoutloud.co.in,2024-12-20 18:37:36
35,heartandsoul.in,2024-12-20 18:37:36
35,tatha.co.in,2024-12-20 18:37:36
35,attarwala.in,2024-12-20 18:37:36
35,trendypick.in,2024-12-20 18:37:36
35,ezcart.in,2024-12-20 18:37:36
35,ohsugar.in,2024-12-20 18:37:36
35,smartthings.co.in,2024-12-20 18:37:36
35,itsfashion.in,2024-12-20 18:37:36
35,colabacauseway.in,2024-12-20 18:37:36
35,thesoulkitchen.in,2024-12-20 18:37:36
35,chessbazaar.in,2024-12-20 18:37:36
35,greengo.in,2024-12-20 18:37:36
35,marketplace.mainstreet.co.in,2024-12-20 18:37:36
35,furr.in,2024-12-20 18:37:36
35,excellentgems.in,2024-12-20 18:37:36
35,mytr.in,2024-12-20 18:37:36
35,qaworld.in,2024-12-20 18:37:36
35,dreamvillas.in,2024-12-20 18:37:36
35,gizmore.in,2024-12-20 18:37:36
35,pinkis.in,2024-12-20 18:37:36
35,sante.co.in,2024-12-20 18:37:36
35,fancymart.in,2024-12-20 18:37:36
35,roscoe.in,2024-12-20 18:37:36
35,houseshop.in,2024-12-20 18:37:36
35,amark.in,2024-12-20 18:37:36
35,beastcraft.in,2024-12-20 18:37:36
35,bejeweled.co.in,2024-12-20 18:37:36
15,kidzel.in,2024-12-20 18:37:36
15,protoner.in,2024-12-20 18:37:36
15,talkofthetown.in,2024-12-20 18:37:36
15,urthn.in,2024-12-20 18:37:36
15,amato.in,2024-12-20 18:37:36
15,oldtree.in,2024-12-20 18:37:36
15,avstore.in,2024-12-20 18:37:36
15,zeroinfy.in,2024-12-20 18:37:36
15,tyohaar.in,2024-12-20 18:37:36
15,dealtoday.in,2024-12-20 18:37:36
15,femella.in,2024-12-20 18:37:36
15,entertainmentstore.in,2024-12-20 18:37:36
15,glassic.in,2024-12-20 18:37:36
15,footsy.in,2024-12-20 18:37:36
15,angi.in,2024-12-20 18:37:36
15,crafto.in,2024-12-20 18:37:36
15,questnutrition.in,2024-12-20 18:37:36
15,vaadiherbals.in,2024-12-20 18:37:36
15,singhvijewels.in,2024-12-20 18:37:36
15,lofti.in,2024-12-20 18:37:36
15,hottestdeals.in,2024-12-20 18:37:36
15,avdigital.in,2024-12-20 18:37:36
15,teaxpress.in,2024-12-20 18:37:36
15,reece.in,2024-12-20 18:37:36
15,tada.co.in,2024-12-20 18:37:36
15,tilonia.co.in,2024-12-20 18:37:36
15,cheapmp3.in,2024-12-20 18:37:36
15,accountz.in,2024-12-20 18:37:36
15,mahifashion.in,2024-12-20 18:37:36
15,soda-stream.in,2024-12-20 18:37:36
29,takk.in,2024-12-20 18:37:36
29,urvi.co.in,2024-12-20 18:37:36
29,makmobile.in,2024-12-20 18:37:36
29,zoopit.in,2024-12-20 18:37:36
29,excelsior.in,2024-12-20 18:37:36
29,zuilee.in,2024-12-20 18:37:36
29,soie.in,2024-12-20 18:37:36
29,gourmetdelight.in,2024-12-20 18:37:36
29,sweetkaramcoffee.in,2024-12-20 18:37:36
29,indianshopper.in,2024-12-20 18:37:36
29,allthings.co.in,2024-12-20 18:37:36
29,toy-shop.in,2024-12-20 18:37:36
29,thinredline.in,2024-12-20 18:37:36
29,tomsshoes.in,2024-12-20 18:37:36
29,freshfromfarm.in,2024-12-20 18:37:36
29,lagah.in,2024-12-20 18:37:36
29,ignitedminds.co.in,2024-12-20 18:37:36
29,yahvi.co.in,2024-12-20 18:37:36
29,goodb.in,2024-12-20 18:37:36
29,shoppers24.in,2024-12-20 18:37:36
29,nowinindia.in,2024-12-20 18:37:36
29,carousel.co.in,2024-12-20 18:37:36
29,cosmix.in,2024-12-20 18:37:36
29,mizz.in,2024-12-20 18:37:36
29,myoho.in,2024-12-20 18:37:36
29,bougainvillea.co.in,2024-12-20 18:37:36
29,zedblack.in,2024-12-20 18:37:36
29,roxanne.in,2024-12-20 18:37:36
29,satat.in,2024-12-20 18:37:36
29,ireeya.in,2024-12-20 18:37:36
8,sofa.co.in,2024-12-20 18:37:36
8,beardbrand.in,2024-12-20 18:37:36
8,zaggora.in,2024-12-20 18:37:36
8,moretoadore.in,2024-12-20 18:37:36
8,spigen.in,2024-12-20 18:37:36
8,gulal.in,2024-12-20 18:37:36
8,playsmart.co.in,2024-12-20 18:37:36
8,sofacumbed.in,2024-12-20 18:37:36
8,jewellove.in,2024-12-20 18:37:36
8,spigen.co.in,2024-12-20 18:37:36
8,runwild.in,2024-12-20 18:37:36
8,oideal.in,2024-12-20 18:37:36
8,fromhere.in,2024-12-20 18:37:36
8,angelofwater.in,2024-12-20 18:37:36
8,velvetribbon.in,2024-12-20 18:37:36
8,skm.in,2024-12-20 18:37:36
8,trajan.in,2024-12-20 18:37:36
8,patios.in,2024-12-20 18:37:36
8,zebo.in,2024-12-20 18:37:36
8,spirals.in,2024-12-20 18:37:36
8,ranasarees.in,2024-12-20 18:37:36
8,backrazor.in,2024-12-20 18:37:36
8,suziroher.co.in,2024-12-20 18:37:36
8,tinybee.in,2024-12-20 18:37:36
8,uniformsaree.in,2024-12-20 18:37:36
8,feathergold.in,2024-12-20 18:37:36
8,contented.in,2024-12-20 18:37:36
8,tekkitake.in,2024-12-20 18:37:36
8,yanks.in,2024-12-20 18:37:36
8,dagnedover.co.in,2024-12-20 18:37:36
40,shopink.co.in,2024-12-20 18:37:36
40,paris-elysees.co.in,2024-12-20 18:37:36
40,area44.in,2024-12-20 18:37:36
40,roze.in,2024-12-20 18:37:36
40,andyou.in,2024-12-20 18:37:36
40,easyclub.in,2024-12-20 18:37:36
40,nirvanaorganic.in,2024-12-20 18:37:36
40,nurtureindia.in,2024-12-20 18:37:36
40,vwood.in,2024-12-20 18:37:36
40,spokes.co.in,2024-12-20 18:37:36
40,cococart.in,2024-12-20 18:37:36
40,purplemart.in,2024-12-20 18:37:36
40,detec.in,2024-12-20 18:37:36
40,avaha.in,2024-12-20 18:37:36
40,thecraftsman.in,2024-12-20 18:37:36
40,sipp.in,2024-12-20 18:37:36
40,acrylic.in,2024-12-20 18:37:36
40,relo.co.in,2024-12-20 18:37:36
40,schoolmall.in,2024-12-20 18:37:36
40,townbox.in,2024-12-20 18:37:36
40,redeagle.in,2024-12-20 18:37:36
40,rankajewellers.in,2024-12-20 18:37:36
40,amogha.in,2024-12-20 18:37:36
40,ehop.in,2024-12-20 18:37:36
40,meandmine.in,2024-12-20 18:37:36
40,cargen.in,2024-12-20 18:37:36
40,clae.in,2024-12-20 18:37:36
40,catharsis.in,2024-12-20 18:37:36
40,raasleela.co.in,2024-12-20 18:37:36
40,strop.in,2024-12-20 18:37:36
12,cascara.in,2024-12-20 18:37:36
12,suhaus.in,2024-12-20 18:37:36
12,shop.yepzon.in,2024-12-20 18:37:36
12,pinkart.in,2024-12-20 18:37:36
12,kida.in,2024-12-20 18:37:36
12,gymer.in,2024-12-20 18:37:36
12,kelvinatorpurifiers.in,2024-12-20 18:37:36
12,nanomart.in,2024-12-20 18:37:36
12,perfectbody.in,2024-12-20 18:37:36
12,arcadio.in,2024-12-20 18:37:36
12,bagaholics.in,2024-12-20 18:37:36
12,blissbotanicals.in,2024-12-20 18:37:36
12,indigifts.in,2024-12-20 18:37:36
12,fusionbeats.in,2024-12-20 18:37:36
12,febris.in,2024-12-20 18:37:36
12,designerstudio.co.in,2024-12-20 18:37:36
12,serenityonline.in,2024-12-20 18:37:36
12,malkha.in,2024-12-20 18:37:36
12,tbase.in,2024-12-20 18:37:36
12,greymode.in,2024-12-20 18:37:36
12,urbantouch.in,2024-12-20 18:37:36
12,kpopbazaar.in,2024-12-20 18:37:36
12,coocoo.in,2024-12-20 18:37:36
12,paulpenders.in,2024-12-20 18:37:36
12,thirdidigital.in,2024-12-20 18:37:36
12,foscam.in,2024-12-20 18:37:36
12,tshirtcompany.in,2024-12-20 18:37:36
12,hotshapers.in,2024-12-20 18:37:36
12,zouk.co.in,2024-12-20 18:37:36
12,nidraa.in,2024-12-20 18:37:36
25,summerbarn.in,2024-12-20 18:37:36
25,vastrakart.in,2024-12-20 18:37:36
25,sporto.in,2024-12-20 18:37:36
25,carplus.in,2024-12-20 18:37:36
25,aestheticnation.co.in,2024-12-20 18:37:36
25,iruve.in,2024-12-20 18:37:36
25,spaces.in,2024-12-20 18:37:36
25,silverlineelectronics.in,2024-12-20 18:37:36
25,letsgearup.in,2024-12-20 18:37:36
25,niyara.in,2024-12-20 18:37:36
25,gsir.in,2024-12-20 18:37:36
25,lafolie.in,2024-12-20 18:37:36
25,appulse.in,2024-12-20 18:37:36
25,justcanon.in,2024-12-20 18:37:36
25,littlebird.in,2024-12-20 18:37:36
25,brillare.co.in,2024-12-20 18:37:36
25,doodlage.in,2024-12-20 18:37:36
25,aceworld.in,2024-12-20 18:37:36
25,bluebuddha.co.in,2024-12-20 18:37:36
25,flirtatious.in,2024-12-20 18:37:36
25,monrow.in,2024-12-20 18:37:36
25,stylesplash.in,2024-12-20 18:37:36
25,exoticaorchids.in,2024-12-20 18:37:36
25,saugaat.in,2024-12-20 18:37:36
25,utmt.in,2024-12-20 18:37:36
25,casadeamor.in,2024-12-20 18:37:36
25,pintola.in,2024-12-20 18:37:36
25,palpable.in,2024-12-20 18:37:36
25,dorex.in,2024-12-20 18:37:36
25,gofwd.in,2024-12-20 18:37:36
66,aresco.in,2024-12-20 18:37:36
66,roliana.in,2024-12-20 18:37:36
66,aliyana.in,2024-12-20 18:37:36
66,narre.in,2024-12-20 18:37:36
66,neudis.in,2024-12-20 18:37:36
66,chhproducts.in,2024-12-20 18:37:36
66,gangikagangajal.in,2024-12-20 18:37:36
66,joshuahs.in,2024-12-20 18:37:36
66,buyerstop.in,2024-12-20 18:37:36
66,tencha.in,2024-12-20 18:37:36
66,dripstore.in,2024-12-20 18:37:36
66,thehealthco.in,2024-12-20 18:37:36
66,fabcolors.in,2024-12-20 18:37:36
66,bokitta.in,2024-12-20 18:37:36
66,adaaracouture.in,2024-12-20 18:37:36
66,neyah.in,2024-12-20 18:37:36
66,curiouscub.in,2024-12-20 18:37:36
66,thepeachlife.in,2024-12-20 18:37:36
66,stylequotient.co.in,2024-12-20 18:37:36
66,bingefoods.in,2024-12-20 18:37:36
66,theplushclub.co.in,2024-12-20 18:37:36
66,upyoga.in,2024-12-20 18:37:36
66,basklick.in,2024-12-20 18:37:36
66,offnoff.in,2024-12-20 18:37:36
66,casestudio.in,2024-12-20 18:37:36
66,freshunlimited.in,2024-12-20 18:37:36
66,thecricketstore.in,2024-12-20 18:37:36
66,silvermistjewelry.in,2024-12-20 18:37:36
66,qsica.in,2024-12-20 18:37:36
66,culturekraft.in,2024-12-20 18:37:36
27,alshan.in,2024-12-20 18:37:36
27,trison.in,2024-12-20 18:37:36
27,decorafurniture.in,2024-12-20 18:37:36
27,store.boxfit.in,2024-12-20 18:37:36
27,thefillingstation.in,2024-12-20 18:37:36
27,futuristicclimatecontrols.in,2024-12-20 18:37:36
27,abia.in,2024-12-20 18:37:36
27,accessworld.in,2024-12-20 18:37:36
27,chapterone.in,2024-12-20 18:37:36
27,nkcs.in,2024-12-20 18:37:36
27,somethingfishy.co.in,2024-12-20 18:37:36
27,clts.in,2024-12-20 18:37:36
27,fabstreet.in,2024-12-20 18:37:36
27,store.technotrade.in,2024-12-20 18:37:36
27,crafttree.in,2024-12-20 18:37:36
27,vrajbhoomi.in,2024-12-20 18:37:36
27,dreamgreen.in,2024-12-20 18:37:36
27,mensfield.in,2024-12-20 18:37:36
27,shoppersclub.in,2024-12-20 18:37:36
27,minutiae.in,2024-12-20 18:37:36
27,offlimits.co.in,2024-12-20 18:37:36
27,toysfactory.in,2024-12-20 18:37:36
27,ases.in,2024-12-20 18:37:36
27,mobilla.in,2024-12-20 18:37:36
27,malgudi.in,2024-12-20 18:37:36
27,dealsjunction.in,2024-12-20 18:37:36
27,zazzy.in,2024-12-20 18:37:36
27,indiankrafts.in,2024-12-20 18:37:36
27,gabicci.in,2024-12-20 18:37:36
27,bikeshark.in,2024-12-20 18:37:36
56,thelagniappe.co.in,2024-12-20 18:37:36
56,enfashop.in,2024-12-20 18:37:36
56,vedahomes.in,2024-12-20 18:37:36
56,elephantrunk.in,2024-12-20 18:37:36
56,evnclothing.co.in,2024-12-20 18:37:36
56,searchnshop.in,2024-12-20 18:37:36
56,firstresort.in,2024-12-20 18:37:36
56,ropan.in,2024-12-20 18:37:36
56,beautybuffetshop.in,2024-12-20 18:37:36
56,myswadesi.in,2024-12-20 18:37:36
56,jcool.in,2024-12-20 18:37:36
56,osclothing.in,2024-12-20 18:37:36
56,thefluffycompany.in,2024-12-20 18:37:36
56,bareair.in,2024-12-20 18:37:36
56,babycareclothdiapers.in,2024-12-20 18:37:36
56,lumaworld.in,2024-12-20 18:37:36
56,theretailzone.in,2024-12-20 18:37:36
56,masonhome.in,2024-12-20 18:37:36
56,malayitha.in,2024-12-20 18:37:36
56,savjewels.in,2024-12-20 18:37:36
56,atbro.in,2024-12-20 18:37:36
56,clothingbyalterego.in,2024-12-20 18:37:36
56,naturelix.in,2024-12-20 18:37:36
56,noticeme.in,2024-12-20 18:37:36
56,101innovations.in,2024-12-20 18:37:36
56,webleyscott.in,2024-12-20 18:37:36
56,cinderellashoes.in,2024-12-20 18:37:36
56,arkrayindia.co.in,2024-12-20 18:37:36
56,shyloc.in,2024-12-20 18:37:36
56,muchlove.in,2024-12-20 18:37:36
42,zarva.in,2024-12-20 18:37:36
42,healthy18.in,2024-12-20 18:37:36
42,mystock.in,2024-12-20 18:37:36
42,newlines.in,2024-12-20 18:37:36
42,chiti.in,2024-12-20 18:37:36
42,getstronger.in,2024-12-20 18:37:36
42,greenwear.in,2024-12-20 18:37:36
42,bgreen.in,2024-12-20 18:37:36
42,palmolive.co.in,2024-12-20 18:37:36
42,ozomax.in,2024-12-20 18:37:36
42,nutrion.in,2024-12-20 18:37:36
42,quicktech.in,2024-12-20 18:37:36
42,cerulean.in,2024-12-20 18:37:36
42,globchem.in,2024-12-20 18:37:36
42,lanfest.in,2024-12-20 18:37:36
42,orijean.in,2024-12-20 18:37:36
42,purpledots.in,2024-12-20 18:37:36
42,chotustore.in,2024-12-20 18:37:36
42,blury.in,2024-12-20 18:37:36
42,coraltree.in,2024-12-20 18:37:36
42,monarchgarments.co.in,2024-12-20 18:37:36
42,wisdomstore.in,2024-12-20 18:37:36
42,invincible.in,2024-12-20 18:37:36
42,littlekingdom.co.in,2024-12-20 18:37:36
42,aagama.in,2024-12-20 18:37:36
42,johnnoble.in,2024-12-20 18:37:36
42,shoptillyoudrop.in,2024-12-20 18:37:36
42,protan.in,2024-12-20 18:37:36
42,decoworld.in,2024-12-20 18:37:36
42,gssl.in,2024-12-20 18:37:36
64,minigarden.in,2024-12-20 18:37:36
64,anouri.in,2024-12-20 18:37:36
64,farmmate.in,2024-12-20 18:37:36
64,kidzgallery.in,2024-12-20 18:37:36
64,theclubfactory.in,2024-12-20 18:37:36
64,attirail.in,2024-12-20 18:37:36
64,elthecook.co.in,2024-12-20 18:37:36
64,kisanshop.in,2024-12-20 18:37:36
64,royaltrends.in,2024-12-20 18:37:36
64,silvertextile.in,2024-12-20 18:37:36
64,otrix.in,2024-12-20 18:37:36
64,minicult.in,2024-12-20 18:37:36
64,clothinkhub.in,2024-12-20 18:37:36
64,grindgear.in,2024-12-20 18:37:36
64,myonlinebazar.in,2024-12-20 18:37:36
64,araiza.in,2024-12-20 18:37:36
64,anahatafarm.in,2024-12-20 18:37:36
64,mogshop.in,2024-12-20 18:37:36
64,littlekid.in,2024-12-20 18:37:36
64,shoptrendz.in,2024-12-20 18:37:36
64,alyuva.in,2024-12-20 18:37:36
64,livcraft.in,2024-12-20 18:37:36
64,aayushmaa.in,2024-12-20 18:37:36
64,repallet.in,2024-12-20 18:37:36
64,biophilia.in,2024-12-20 18:37:36
64,printoli.in,2024-12-20 18:37:36
64,malasingh.in,2024-12-20 18:37:36
64,beautynherbs.in,2024-12-20 18:37:36
64,amwel.in,2024-12-20 18:37:36
64,krient.in,2024-12-20 18:37:36
30,bringithome.in,2024-12-20 18:37:36
30,swisse.co.in,2024-12-20 18:37:36
30,monkeybar.in,2024-12-20 18:37:36
30,enryca.in,2024-12-20 18:37:36
30,trollbeads.in,2024-12-20 18:37:36
30,balanceayurveda.in,2024-12-20 18:37:36
30,florenz.in,2024-12-20 18:37:36
30,tatsat.co.in,2024-12-20 18:37:36
30,buyandbrag.in,2024-12-20 18:37:36
30,flatdeals.in,2024-12-20 18:37:36
30,bitspace.co.in,2024-12-20 18:37:36
30,shoeshine.in,2024-12-20 18:37:36
30,shirthub.in,2024-12-20 18:37:36
30,shop7.in,2024-12-20 18:37:36
30,accessoriesplaza.in,2024-12-20 18:37:36
30,sadhuram.in,2024-12-20 18:37:36
30,mysticshop.in,2024-12-20 18:37:36
30,smartcraft.in,2024-12-20 18:37:36
30,myorchids.in,2024-12-20 18:37:36
30,bored.co.in,2024-12-20 18:37:36
30,aevum.in,2024-12-20 18:37:36
30,shoppingly.in,2024-12-20 18:37:36
30,citygirl.co.in,2024-12-20 18:37:36
30,tamrac.in,2024-12-20 18:37:36
30,dealsguru.co.in,2024-12-20 18:37:36
30,besimple.co.in,2024-12-20 18:37:36
30,bathrobe.in,2024-12-20 18:37:36
30,mozomart.in,2024-12-20 18:37:36
30,turnus.in,2024-12-20 18:37:36
30,sareedeal.in,2024-12-20 18:37:36
68,magmary.in,2024-12-20 18:37:36
68,everlaine.in,2024-12-20 18:37:36
68,wowstores.in,2024-12-20 18:37:36
68,skoosh.co.in,2024-12-20 18:37:36
68,lvl99.in,2024-12-20 18:37:36
68,limetrosteel.in,2024-12-20 18:37:36
68,mandyandco.in,2024-12-20 18:37:36
68,healthcub.in,2024-12-20 18:37:36
68,samagni.in,2024-12-20 18:37:36
68,holythread.in,2024-12-20 18:37:36
68,shoptopdog.in,2024-12-20 18:37:36
68,urbansway.in,2024-12-20 18:37:36
68,veshaa.in,2024-12-20 18:37:36
68,homegalore.in,2024-12-20 18:37:36
68,netras.in,2024-12-20 18:37:36
68,myseventhheaven.in,2024-12-20 18:37:36
68,wanderingbean.in,2024-12-20 18:37:36
68,shrivasbyarchita.in,2024-12-20 18:37:36
68,furnituresandmore.in,2024-12-20 18:37:36
68,surc.in,2024-12-20 18:37:36
68,pediacare.in,2024-12-20 18:37:36
68,selcouth.co.in,2024-12-20 18:37:36
68,aprozone.in,2024-12-20 18:37:36
68,mil-spec.in,2024-12-20 18:37:36
68,threadcounts.in,2024-12-20 18:37:36
68,bombayclosetcleanse.in,2024-12-20 18:37:36
68,tinymighty.in,2024-12-20 18:37:36
68,picok.in,2024-12-20 18:37:36
68,buylove.in,2024-12-20 18:37:36
68,feryl.in,2024-12-20 18:37:36
51,harilalventures.in,2024-12-20 18:37:36
51,chambrayandco.in,2024-12-20 18:37:36
51,spinuts.in,2024-12-20 18:37:36
51,increscent.in,2024-12-20 18:37:36
51,dopecoffee.in,2024-12-20 18:37:36
51,lpfoods.in,2024-12-20 18:37:36
51,realwhey.in,2024-12-20 18:37:36
51,xp-pen.co.in,2024-12-20 18:37:36
51,fitday.in,2024-12-20 18:37:36
51,jolierobe.in,2024-12-20 18:37:36
51,kosara.in,2024-12-20 18:37:36
51,rhinoshield.in,2024-12-20 18:37:36
51,artblot.in,2024-12-20 18:37:36
51,wahoo.in,2024-12-20 18:37:36
51,sparrowclothing.in,2024-12-20 18:37:36
51,automaze.in,2024-12-20 18:37:36
51,eyaas.in,2024-12-20 18:37:36
51,achivr.in,2024-12-20 18:37:36
51,skinproject.co.in,2024-12-20 18:37:36
51,chokhat.in,2024-12-20 18:37:36
51,skinbae.in,2024-12-20 18:37:36
51,vertumobile.in,2024-12-20 18:37:36
51,sattuz.in,2024-12-20 18:37:36
51,buywow.in,2024-12-20 18:37:36
51,wecharms.in,2024-12-20 18:37:36
51,bharatorganics.in,2024-12-20 18:37:36
51,altretail.in,2024-12-20 18:37:36
51,thecoconutpeople.in,2024-12-20 18:37:36
51,nativetongue.in,2024-12-20 18:37:36
51,noraa.in,2024-12-20 18:37:36
41,myop.in,2024-12-20 18:37:36
41,elves.in,2024-12-20 18:37:36
41,halfrate.in,2024-12-20 18:37:36
41,anayat.in,2024-12-20 18:37:36
41,bechic.in,2024-12-20 18:37:36
41,tibros.co.in,2024-12-20 18:37:36
41,rinadhaka.in,2024-12-20 18:37:36
41,harve.in,2024-12-20 18:37:36
41,misa.in,2024-12-20 18:37:36
41,sixbysix.in,2024-12-20 18:37:36
41,refash.in,2024-12-20 18:37:36
41,ribboncandy.in,2024-12-20 18:37:36
41,specialdeals.in,2024-12-20 18:37:36
41,vijaydigital.in,2024-12-20 18:37:36
41,kahho.in,2024-12-20 18:37:36
41,daivik.in,2024-12-20 18:37:36
41,dilnaz.in,2024-12-20 18:37:36
41,swisscare.in,2024-12-20 18:37:36
41,freshnhealthy.in,2024-12-20 18:37:36
41,mmarts.in,2024-12-20 18:37:36
41,wonly.in,2024-12-20 18:37:36
41,naturin.in,2024-12-20 18:37:36
41,omaxwatches.in,2024-12-20 18:37:36
41,agee.in,2024-12-20 18:37:36
41,shreerakhi.co.in,2024-12-20 18:37:36
41,gadgetclub.in,2024-12-20 18:37:36
41,shopperszone.in,2024-12-20 18:37:36
41,dieseltronic.in,2024-12-20 18:37:36
41,epg.in,2024-12-20 18:37:36
41,vaaso.in,2024-12-20 18:37:36
23,theshirtfactory.co.in,2024-12-20 18:37:36
23,ethniccollage.in,2024-12-20 18:37:36
23,mydiagnostics.in,2024-12-20 18:37:36
23,amama.in,2024-12-20 18:37:36
23,aavtar.in,2024-12-20 18:37:36
23,royalindulgence.in,2024-12-20 18:37:36
23,cremecastle.in,2024-12-20 18:37:36
23,nixit.in,2024-12-20 18:37:36
23,postmoji.in,2024-12-20 18:37:36
23,selfys.in,2024-12-20 18:37:36
23,happytailor.in,2024-12-20 18:37:36
23,candycot.in,2024-12-20 18:37:36
23,youngtrendz.in,2024-12-20 18:37:36
23,epicstuff.in,2024-12-20 18:37:36
23,divastyle.in,2024-12-20 18:37:36
23,trickortreats.in,2024-12-20 18:37:36
23,indieculture.in,2024-12-20 18:37:36
23,ontex.in,2024-12-20 18:37:36
23,teatrunk.in,2024-12-20 18:37:36
23,svana.in,2024-12-20 18:37:36
23,thestylediva.in,2024-12-20 18:37:36
23,flyberry.in,2024-12-20 18:37:36
23,viaeast.in,2024-12-20 18:37:36
23,pilgrim.net.in,2024-12-20 18:37:36
23,mensclub.co.in,2024-12-20 18:37:36
23,elap.in,2024-12-20 18:37:36
23,bulaava.in,2024-12-20 18:37:36
23,markryden.in,2024-12-20 18:37:36
23,gfashion.in,2024-12-20 18:37:36
23,bemade.in,2024-12-20 18:37:36
26,eatanytime.in,2024-12-20 18:37:36
26,dgreen.in,2024-12-20 18:37:36
26,hetha.in,2024-12-20 18:37:36
26,bonsoir.co.in,2024-12-20 18:37:36
26,alika.in,2024-12-20 18:37:36
26,shopsarah.in,2024-12-20 18:37:36
26,alchemlife.in,2024-12-20 18:37:36
26,greenessentials.in,2024-12-20 18:37:36
26,apnidukan.in,2024-12-20 18:37:36
26,siaa.in,2024-12-20 18:37:36
26,vvmart.in,2024-12-20 18:37:36
26,carefone.in,2024-12-20 18:37:36
26,aquascaping.in,2024-12-20 18:37:36
26,perfectdeal.in,2024-12-20 18:37:36
26,zorin.co.in,2024-12-20 18:37:36
26,farmersmarket.co.in,2024-12-20 18:37:36
26,nourishyou.in,2024-12-20 18:37:36
26,tiesta.in,2024-12-20 18:37:36
26,themonk.co.in,2024-12-20 18:37:36
26,qaaleen.co.in,2024-12-20 18:37:36
26,international-tool.co.in,2024-12-20 18:37:36
26,lozano.in,2024-12-20 18:37:36
26,ayurvedindia.co.in,2024-12-20 18:37:36
26,cheatingwatch.in,2024-12-20 18:37:36
26,liso.in,2024-12-20 18:37:36
26,stylox.in,2024-12-20 18:37:36
26,uathayam.in,2024-12-20 18:37:36
26,chadotea.in,2024-12-20 18:37:36
26,slacklife.in,2024-12-20 18:37:36
26,zoopmen.in,2024-12-20 18:37:36
45,mumkins.in,2024-12-20 18:37:36
45,frangipani.co.in,2024-12-20 18:37:36
45,bangalorewatchco.in,2024-12-20 18:37:36
45,fandomrealm.in,2024-12-20 18:37:36
45,arata.in,2024-12-20 18:37:36
45,keeros.in,2024-12-20 18:37:36
45,bettervision.in,2024-12-20 18:37:36
45,pirona.in,2024-12-20 18:37:36
45,55bakerstreet.in,2024-12-20 18:37:36
45,aardra.in,2024-12-20 18:37:36
45,adro.in,2024-12-20 18:37:36
45,afew.in,2024-12-20 18:37:36
45,alphonsomango.in,2024-12-20 18:37:36
45,ananyajewels.in,2024-12-20 18:37:36
45,anicha.in,2024-12-20 18:37:36
45,arcreations.in,2024-12-20 18:37:36
45,ashtag.in,2024-12-20 18:37:36
45,bluearmy.co.in,2024-12-20 18:37:36
45,bygrandma.in,2024-12-20 18:37:36
45,candytech.co.in,2024-12-20 18:37:36
45,carbonbasics.in,2024-12-20 18:37:36
45,chapter101.in,2024-12-20 18:37:36
45,clea.in,2024-12-20 18:37:36
45,cocobee.in,2024-12-20 18:37:36
45,coffeecat.in,2024-12-20 18:37:36
45,coccoon.in,2024-12-20 18:37:36
45,dattanibookagency.in,2024-12-20 18:37:36
45,dchica.in,2024-12-20 18:37:36
45,deara.in,2024-12-20 18:37:36
45,diamondplus.in,2024-12-20 18:37:36
17,bestphones.in,2024-12-20 18:37:36
17,phonedevil.in,2024-12-20 18:37:36
17,smthn.in,2024-12-20 18:37:36
17,howthedevil.in,2024-12-20 18:37:36
17,patyka.in,2024-12-20 18:37:36
17,luxify.in,2024-12-20 18:37:36
17,footsie.in,2024-12-20 18:37:36
17,dressesforwomen.in,2024-12-20 18:37:36
17,best-clothes.in,2024-12-20 18:37:36
17,makeyourhome.in,2024-12-20 18:37:36
17,zutano.in,2024-12-20 18:37:36
17,fashionhut.co.in,2024-12-20 18:37:36
17,phonedownloads.in,2024-12-20 18:37:36
17,brima.in,2024-12-20 18:37:36
17,cheap-clothes.in,2024-12-20 18:37:36
17,kavyacreations.in,2024-12-20 18:37:36
17,kashmircollections.in,2024-12-20 18:37:36
17,tiptopfashions.in,2024-12-20 18:37:36
17,anupamworld.in,2024-12-20 18:37:36
17,zippogear.in,2024-12-20 18:37:36
17,mediadevil.in,2024-12-20 18:37:36
17,saffronpartners.in,2024-12-20 18:37:36
17,manscaper.in,2024-12-20 18:37:36
17,coocoo.co.in,2024-12-20 18:37:36
17,theshoemaker.in,2024-12-20 18:37:36
17,studioradical.in,2024-12-20 18:37:36
17,girardrv.in,2024-12-20 18:37:36
17,crazyshop.in,2024-12-20 18:37:36
17,delhicacy.in,2024-12-20 18:37:36
17,sodastream.in,2024-12-20 18:37:36
11,nightyhouse.in,2024-12-20 18:37:36
11,minimallifestyle.in,2024-12-20 18:37:36
11,lovetoken.in,2024-12-20 18:37:36
11,gulal.co.in,2024-12-20 18:37:36
11,fiio.co.in,2024-12-20 18:37:36
11,happyroots.in,2024-12-20 18:37:36
11,jasnaturals.in,2024-12-20 18:37:36
11,topcrop.in,2024-12-20 18:37:36
11,therugbarn.in,2024-12-20 18:37:36
11,simmer.in,2024-12-20 18:37:36
11,docmartin.in,2024-12-20 18:37:36
11,samprada.in,2024-12-20 18:37:36
11,graciousme.in,2024-12-20 18:37:36
11,missprint.in,2024-12-20 18:37:36
11,abago.in,2024-12-20 18:37:36
11,awakey.in,2024-12-20 18:37:36
11,meherashaw.in,2024-12-20 18:37:36
11,themessycorner.in,2024-12-20 18:37:36
11,knickknacknook.in,2024-12-20 18:37:36
11,smoodies.in,2024-12-20 18:37:36
11,fleeshop.in,2024-12-20 18:37:36
11,ethnicrajasthan.in,2024-12-20 18:37:36
11,galileanstore.in,2024-12-20 18:37:36
11,allthatgrows.in,2024-12-20 18:37:36
11,ayca.in,2024-12-20 18:37:36
11,shopwithbostan.in,2024-12-20 18:37:36
11,armorr.in,2024-12-20 18:37:36
11,oneteeplease.in,2024-12-20 18:37:36
11,landoftoys.in,2024-12-20 18:37:36
11,prashantisarees.in,2024-12-20 18:37:36
70,dakshinamsarees.in,2024-12-20 18:37:36
70,britone.in,2024-12-20 18:37:36
70,expresscart.co.in,2024-12-20 18:37:36
70,salebuzz.in,2024-12-20 18:37:36
70,allthingsfun.in,2024-12-20 18:37:36
70,a47.in,2024-12-20 18:37:36
70,mymy.co.in,2024-12-20 18:37:36
70,devcrafts.in,2024-12-20 18:37:36
70,soundify.in,2024-12-20 18:37:36
70,gehen.in,2024-12-20 18:37:36
70,darkshop.in,2024-12-20 18:37:36
70,kalangan.co.in,2024-12-20 18:37:36
70,goldencruiser.in,2024-12-20 18:37:36
70,brandnation.in,2024-12-20 18:37:36
70,yourmall.in,2024-12-20 18:37:36
70,earthan.in,2024-12-20 18:37:36
70,peppermint.in,2024-12-20 18:37:36
70,beliefs.co.in,2024-12-20 18:37:36
70,techdesigns.in,2024-12-20 18:37:36
70,finess.in,2024-12-20 18:37:36
70,kiddy.co.in,2024-12-20 18:37:36
70,refills.co.in,2024-12-20 18:37:36
70,memorybox.in,2024-12-20 18:37:36
70,freestyles.in,2024-12-20 18:37:36
70,orangemoon.in,2024-12-20 18:37:36
70,mapland.in,2024-12-20 18:37:36
70,zipmobile.in,2024-12-20 18:37:36
70,villain.in,2024-12-20 18:37:36
70,petvetcare.in,2024-12-20 18:37:36
70,nxtgeneration.in,2024-12-20 18:37:36
63,pictoworld.in,2024-12-20 18:37:36
63,cinnamoncloset.in,2024-12-20 18:37:36
63,katharos.in,2024-12-20 18:37:36
63,artofa.in,2024-12-20 18:37:36
63,checkout24.in,2024-12-20 18:37:36
63,beardinator.in,2024-12-20 18:37:36
63,zerowear.in,2024-12-20 18:37:36
63,pheeta.in,2024-12-20 18:37:36
63,aaymart.in,2024-12-20 18:37:36
63,finishingtouchflawless.in,2024-12-20 18:37:36
63,sarojiniatdoor.in,2024-12-20 18:37:36
63,holiboli.in,2024-12-20 18:37:36
63,zeesaa.in,2024-12-20 18:37:36
63,midtownwholesale.in,2024-12-20 18:37:36
63,sheshas.in,2024-12-20 18:37:36
63,planks.in,2024-12-20 18:37:36
63,saree-suit.in,2024-12-20 18:37:36
63,dailyessential.in,2024-12-20 18:37:36
63,fernwehagro.in,2024-12-20 18:37:36
63,thedailydeals.in,2024-12-20 18:37:36
63,imlishop.in,2024-12-20 18:37:36
63,petvogue.in,2024-12-20 18:37:36
63,forestman.in,2024-12-20 18:37:36
63,drifit.in,2024-12-20 18:37:36
63,gottea.in,2024-12-20 18:37:36
63,rusari.in,2024-12-20 18:37:36
63,teaandindia.in,2024-12-20 18:37:36
63,marycohr.co.in,2024-12-20 18:37:36
63,shamanclub.in,2024-12-20 18:37:36
63,namoorganics.in,2024-12-20 18:37:36
7,georgianexims.in,2024-12-20 18:37:36
7,dragons-and-tigers.in,2024-12-20 18:37:36
7,lilacclothing.in,2024-12-20 18:37:36
7,prakrti.co.in,2024-12-20 18:37:36
7,jhini.co.in,2024-12-20 18:37:36
7,zippolighters.in,2024-12-20 18:37:36
7,ruh.co.in,2024-12-20 18:37:36
7,bioeffect.in,2024-12-20 18:37:36
7,woodplay.in,2024-12-20 18:37:36
7,bengalisarees.in,2024-12-20 18:37:36
7,supremepromos.in,2024-12-20 18:37:36
7,dranjalibutani.in,2024-12-20 18:37:36
7,a2zfashion.in,2024-12-20 18:37:36
7,yellowfashions.in,2024-12-20 18:37:36
7,corsetdeal.in,2024-12-20 18:37:36
7,giftsoflove.co.in,2024-12-20 18:37:36
7,buckeyes.in,2024-12-20 18:37:36
7,epuff.in,2024-12-20 18:37:36
7,wudplay.in,2024-12-20 18:37:36
7,itokri.in,2024-12-20 18:37:36
7,smartgarments.in,2024-12-20 18:37:36
7,anjalibutani.in,2024-12-20 18:37:36
7,zippo.in,2024-12-20 18:37:36
7,promate.in,2024-12-20 18:37:36
7,mynt1792.in,2024-12-20 18:37:36
7,tiger-and-dragon.in,2024-12-20 18:37:36
7,skinbarn.in,2024-12-20 18:37:36
7,thegoodiebag.in,2024-12-20 18:37:36
7,domenicovacca.co.in,2024-12-20 18:37:36
7,posterboy.in,2024-12-20 18:37:36
58,allsilvergifts.in,2024-12-20 18:37:36
58,signalspro007.in,2024-12-20 18:37:36
58,thestorybrand.in,2024-12-20 18:37:36
58,borngood.in,2024-12-20 18:37:36
58,kpopstore.in,2024-12-20 18:37:36
58,thewellnessstore.in,2024-12-20 18:37:36
58,nourishmyself.in,2024-12-20 18:37:36
58,favcart.in,2024-12-20 18:37:36
58,shikhamehta.in,2024-12-20 18:37:36
58,delicasia.in,2024-12-20 18:37:36
58,lebrouges.in,2024-12-20 18:37:36
58,swipehappy.in,2024-12-20 18:37:36
58,mojorojo.in,2024-12-20 18:37:36
58,oneodio.in,2024-12-20 18:37:36
58,theplaymakers.in,2024-12-20 18:37:36
58,olixir.in,2024-12-20 18:37:36
58,lollidays.in,2024-12-20 18:37:36
58,vanya.in,2024-12-20 18:37:36
58,hamsasilver.in,2024-12-20 18:37:36
58,accessorizelondon.in,2024-12-20 18:37:36
58,qualityzone.in,2024-12-20 18:37:36
58,pickmygift.in,2024-12-20 18:37:36
58,motherlike.in,2024-12-20 18:37:36
58,amzstore.in,2024-12-20 18:37:36
58,avshack.in,2024-12-20 18:37:36
58,thewritestuff.co.in,2024-12-20 18:37:36
58,psjewellery.in,2024-12-20 18:37:36
58,shahikitchen.in,2024-12-20 18:37:36
58,fashionbooms.in,2024-12-20 18:37:36
58,askarts.in,2024-12-20 18:37:36
38,fashionbrand.in,2024-12-20 18:37:36
38,mygadgets.co.in,2024-12-20 18:37:36
38,addys.in,2024-12-20 18:37:36
38,uneek.in,2024-12-20 18:37:36
38,opin.co.in,2024-12-20 18:37:36
38,bedifferent.in,2024-12-20 18:37:36
38,vividwalls.in,2024-12-20 18:37:36
38,lela.co.in,2024-12-20 18:37:36
38,purpledecor.in,2024-12-20 18:37:36
38,equinoxinc.in,2024-12-20 18:37:36
38,wellocare.in,2024-12-20 18:37:36
38,banarasiya.in,2024-12-20 18:37:36
38,beyerdynamic.in,2024-12-20 18:37:36
38,powerit.co.in,2024-12-20 18:37:36
38,labante.co.in,2024-12-20 18:37:36
38,peachesandcream.in,2024-12-20 18:37:36
38,topbuy.in,2024-12-20 18:37:36
38,homeshopy.in,2024-12-20 18:37:36
38,furniturekart.co.in,2024-12-20 18:37:36
38,eyeshot.in,2024-12-20 18:37:36
38,homeshop24.in,2024-12-20 18:37:36
38,shopapex.in,2024-12-20 18:37:36
38,thebrainfactory.in,2024-12-20 18:37:36
38,simplydifferent.in,2024-12-20 18:37:36
38,prident.in,2024-12-20 18:37:36
38,cybertronics.in,2024-12-20 18:37:36
38,happy-hours.co.in,2024-12-20 18:37:36
38,setu.in,2024-12-20 18:37:36
38,kingoffashion.in,2024-12-20 18:37:36
38,unboxd.in,2024-12-20 18:37:36
71,easytobuy.in,2024-12-20 18:37:36
14,baklol.in,2024-12-20 18:37:36
14,av1.in,2024-12-20 18:37:36
14,culturalconcepts.in,2024-12-20 18:37:36
14,aulive.in,2024-12-20 18:37:36
14,finley.in,2024-12-20 18:37:36
14,indiancraft.in,2024-12-20 18:37:36
14,dryfruitsonline.in,2024-12-20 18:37:36
14,blissed.in,2024-12-20 18:37:36
14,nayagaadi.in,2024-12-20 18:37:36
14,ladies-den.in,2024-12-20 18:37:36
14,nakhra.in,2024-12-20 18:37:36
14,sportingtools.in,2024-12-20 18:37:36
14,merakispa.in,2024-12-20 18:37:36
14,elegadget.in,2024-12-20 18:37:36
14,lumini.in,2024-12-20 18:37:36
14,blozzom.in,2024-12-20 18:37:36
14,naturo.in,2024-12-20 18:37:36
14,rustickandangi.in,2024-12-20 18:37:36
14,lolstudio.in,2024-12-20 18:37:36
14,shankara.in,2024-12-20 18:37:36
14,rubans.in,2024-12-20 18:37:36
14,healthdeal.co.in,2024-12-20 18:37:36
14,ptron.in,2024-12-20 18:37:36
14,aeolusonline.in,2024-12-20 18:37:36
14,grouppublishing.in,2024-12-20 18:37:36
14,vavarna.in,2024-12-20 18:37:36
14,gard.in,2024-12-20 18:37:36
14,theperipheralstore.in,2024-12-20 18:37:36
14,kunchals.in,2024-12-20 18:37:36
14,fashionandme.in,2024-12-20 18:37:36
44,lucknowiandaaz.in,2024-12-20 18:37:36
44,sanskritionline.in,2024-12-20 18:37:36
44,ktsco.in,2024-12-20 18:37:36
44,trufflecollection.co.in,2024-12-20 18:37:36
44,bioayurveda.in,2024-12-20 18:37:36
44,supershop.co.in,2024-12-20 18:37:36
44,gooddot.in,2024-12-20 18:37:36
44,store101.in,2024-12-20 18:37:36
44,shahn.in,2024-12-20 18:37:36
44,onestopretail.in,2024-12-20 18:37:36
44,evitamin.in,2024-12-20 18:37:36
44,sifat.co.in,2024-12-20 18:37:36
44,miracledrinks.in,2024-12-20 18:37:36
44,markhome.in,2024-12-20 18:37:36
44,cozycloud.in,2024-12-20 18:37:36
44,wallcrafts.in,2024-12-20 18:37:36
44,agapi.in,2024-12-20 18:37:36
44,slimjim.in,2024-12-20 18:37:36
44,thegiftmaker.in,2024-12-20 18:37:36
44,militarymojo.in,2024-12-20 18:37:36
44,shopchoice.in,2024-12-20 18:37:36
44,envie.co.in,2024-12-20 18:37:36
44,varanga.in,2024-12-20 18:37:36
44,mellowdrama.co.in,2024-12-20 18:37:36
44,regor.in,2024-12-20 18:37:36
44,londonrag.in,2024-12-20 18:37:36
44,mdb.co.in,2024-12-20 18:37:36
44,hashcart.in,2024-12-20 18:37:36
44,badhu.in,2024-12-20 18:37:36
44,pettikadai.in,2024-12-20 18:37:36
28,flippo.in,2024-12-20 18:37:36
28,turtle.in,2024-12-20 18:37:36
28,metrolife.in,2024-12-20 18:37:36
28,indirafoods.in,2024-12-20 18:37:36
28,5-elements.co.in,2024-12-20 18:37:36
28,panchami.in,2024-12-20 18:37:36
28,petstreet.in,2024-12-20 18:37:36
28,littlepaws.in,2024-12-20 18:37:36
28,happyherbals.in,2024-12-20 18:37:36
28,herbalcart.in,2024-12-20 18:37:36
28,lavanyaindia.in,2024-12-20 18:37:36
28,shopable.in,2024-12-20 18:37:36
28,nandiniindia.co.in,2024-12-20 18:37:36
28,momsays.co.in,2024-12-20 18:37:36
28,lehpashmina.in,2024-12-20 18:37:36
28,takadum.in,2024-12-20 18:37:36
28,artsycraftsy.in,2024-12-20 18:37:36
28,corelle.co.in,2024-12-20 18:37:36
28,colorplay.in,2024-12-20 18:37:36
28,wearables.in,2024-12-20 18:37:36
28,flipbazaar.in,2024-12-20 18:37:36
28,chitchatchai.in,2024-12-20 18:37:36
28,copperking.in,2024-12-20 18:37:36
28,milansupari.in,2024-12-20 18:37:36
28,phoenixlab.in,2024-12-20 18:37:36
28,kyle.co.in,2024-12-20 18:37:36
28,planetcart.in,2024-12-20 18:37:36
28,mae.in,2024-12-20 18:37:36
28,theartcollection.in,2024-12-20 18:37:36
28,metalkart.in,2024-12-20 18:37:36
53,moozformaggio.in,2024-12-20 18:37:36
53,thereyougo.in,2024-12-20 18:37:36
53,deera.in,2024-12-20 18:37:36
53,airtrack.in,2024-12-20 18:37:36
53,equalitee.in,2024-12-20 18:37:36
53,kiikii.in,2024-12-20 18:37:36
53,mipatex.in,2024-12-20 18:37:36
53,stemwater.in,2024-12-20 18:37:36
53,libertylifestyle.co.in,2024-12-20 18:37:36
53,saintg.in,2024-12-20 18:37:36
53,moksa.co.in,2024-12-20 18:37:36
53,bevintage.in,2024-12-20 18:37:36
53,nirvanaclothing.in,2024-12-20 18:37:36
53,sparclights.in,2024-12-20 18:37:36
53,writingsonthewall.in,2024-12-20 18:37:36
53,stanwellskids.in,2024-12-20 18:37:36
53,thenameplatestudio.in,2024-12-20 18:37:36
53,theflora.in,2024-12-20 18:37:36
53,shadesofspring.in,2024-12-20 18:37:36
53,gazalgupta.in,2024-12-20 18:37:36
53,dotsanddoodles.in,2024-12-20 18:37:36
53,tirumaladesigners.in,2024-12-20 18:37:36
53,re-story.in,2024-12-20 18:37:36
53,madrasfuse.in,2024-12-20 18:37:36
53,steadfastclothing.in,2024-12-20 18:37:36
53,apella.in,2024-12-20 18:37:36
53,applebaby.co.in,2024-12-20 18:37:36
53,healthybarks.in,2024-12-20 18:37:36
53,dudeme.in,2024-12-20 18:37:36
53,tintbox.in,2024-12-20 18:37:36
36,kleren.in,2024-12-20 18:37:36
36,rainbowgift.in,2024-12-20 18:37:36
36,fit-india.in,2024-12-20 18:37:36
36,thestyleshop.in,2024-12-20 18:37:36
36,shopeazy.in,2024-12-20 18:37:36
36,decorco.in,2024-12-20 18:37:36
36,kainoosh.in,2024-12-20 18:37:36
36,morpho.co.in,2024-12-20 18:37:36
36,arestech.in,2024-12-20 18:37:36
36,chicwear.in,2024-12-20 18:37:36
36,prolific.in,2024-12-20 18:37:36
36,mlbd.in,2024-12-20 18:37:36
36,techdealz.in,2024-12-20 18:37:36
36,gadgetwagon.in,2024-12-20 18:37:36
36,healthsupplements.co.in,2024-12-20 18:37:36
36,cookiecraft.in,2024-12-20 18:37:36
36,buyitt.in,2024-12-20 18:37:36
36,pyka.in,2024-12-20 18:37:36
36,kishmish.in,2024-12-20 18:37:36
36,mymuse.in,2024-12-20 18:37:36
36,cjenterprise.in,2024-12-20 18:37:36
36,propero.in,2024-12-20 18:37:36
36,bluedahlia.in,2024-12-20 18:37:36
36,pickmeindia.in,2024-12-20 18:37:36
36,amazinglife.co.in,2024-12-20 18:37:36
36,venuscreations.in,2024-12-20 18:37:36
36,vastralaya.co.in,2024-12-20 18:37:36
36,modernhomes.in,2024-12-20 18:37:36
36,wiggles.in,2024-12-20 18:37:36
36,orco.in,2024-12-20 18:37:36
3,seamstress.co.in,2024-12-20 18:37:36
3,eightaudio.in,2024-12-20 18:37:36
3,originone.in,2024-12-20 18:37:36
3,brainsmith.in,2024-12-20 18:37:36
3,fashionnation.in,2024-12-20 18:37:36
3,assamicaagro.in,2024-12-20 18:37:36
3,privatelives.in,2024-12-20 18:37:36
3,lemonchiffon.in,2024-12-20 18:37:36
3,lightmen.in,2024-12-20 18:37:36
3,springfit.in,2024-12-20 18:37:36
3,schmancy.in,2024-12-20 18:37:36
3,johns.in,2024-12-20 18:37:36
3,bollywoodvinyl.in,2024-12-20 18:37:36
3,soultree.in,2024-12-20 18:37:36
3,devsmusic.in,2024-12-20 18:37:36
3,beatitude.in,2024-12-20 18:37:36
3,drtrust.in,2024-12-20 18:37:36
3,silverlinings.in,2024-12-20 18:37:36
3,jackinthebox.in,2024-12-20 18:37:36
3,swhf.in,2024-12-20 18:37:36
3,libertina.in,2024-12-20 18:37:36
3,menorah.in,2024-12-20 18:37:36
3,inoxjewelry.in,2024-12-20 18:37:36
3,impresso.in,2024-12-20 18:37:36
3,bracevor.in,2024-12-20 18:37:36
3,zeezeezoo.in,2024-12-20 18:37:36
3,gottago.in,2024-12-20 18:37:36
3,ruchkar.in,2024-12-20 18:37:36
3,silverstore.in,2024-12-20 18:37:36
3,beautysource.in,2024-12-20 18:37:36
31,yourwish.in,2024-12-20 18:37:36
31,whatiff.in,2024-12-20 18:37:36
31,greenhabit.in,2024-12-20 18:37:36
31,khushee.in,2024-12-20 18:37:36
31,freshclub.co.in,2024-12-20 18:37:36
31,joans.in,2024-12-20 18:37:36
31,concretecraft.in,2024-12-20 18:37:36
31,unhide.in,2024-12-20 18:37:36
31,toothfullyyours.in,2024-12-20 18:37:36
31,perfectoptics.in,2024-12-20 18:37:36
31,petone.in,2024-12-20 18:37:36
31,dring.in,2024-12-20 18:37:36
31,greytheory.in,2024-12-20 18:37:36
31,anvicreations.in,2024-12-20 18:37:36
31,silverfiligree.in,2024-12-20 18:37:36
31,krazykart.in,2024-12-20 18:37:36
31,himalayawellness.in,2024-12-20 18:37:36
31,downloadantivirus.in,2024-12-20 18:37:36
31,orangesandlemons.in,2024-12-20 18:37:36
31,karizmajewels.in,2024-12-20 18:37:36
31,a3h.in,2024-12-20 18:37:36
31,sprice.in,2024-12-20 18:37:36
31,avio.co.in,2024-12-20 18:37:36
31,incare.in,2024-12-20 18:37:36
31,gauricreation.in,2024-12-20 18:37:36
31,gooddeals.co.in,2024-12-20 18:37:36
31,aahwan.in,2024-12-20 18:37:36
31,ebuyindia.in,2024-12-20 18:37:36
31,justcameras.in,2024-12-20 18:37:36
31,chiffon.co.in,2024-12-20 18:37:36
13,jumpusa.in,2024-12-20 18:37:36
13,imyoung.in,2024-12-20 18:37:36
13,justorganics.in,2024-12-20 18:37:36
13,loupe.in,2024-12-20 18:37:36
13,lensmakers.in,2024-12-20 18:37:36
13,fitwolf.in,2024-12-20 18:37:36
13,tushions.in,2024-12-20 18:37:36
13,kidsberry.co.in,2024-12-20 18:37:36
13,beautiart.in,2024-12-20 18:37:36
13,signoraa.in,2024-12-20 18:37:36
13,shopnaushadali.in,2024-12-20 18:37:36
13,easymosquitonet.in,2024-12-20 18:37:36
13,berrytree.in,2024-12-20 18:37:36
13,vapebazaar.in,2024-12-20 18:37:36
13,raisons.co.in,2024-12-20 18:37:36
13,chocoman.in,2024-12-20 18:37:36
13,paingone.in,2024-12-20 18:37:36
13,iwearmystyle.in,2024-12-20 18:37:36
13,tropicoaqua.in,2024-12-20 18:37:36
13,myautozone.in,2024-12-20 18:37:36
13,natureorganic.in,2024-12-20 18:37:36
13,barenecessities.in,2024-12-20 18:37:36
13,truevino.in,2024-12-20 18:37:36
13,brideandbeautiful.co.in,2024-12-20 18:37:36
13,hakoba.in,2024-12-20 18:37:36
13,shoppingcorner.in,2024-12-20 18:37:36
13,aliceblue.in,2024-12-20 18:37:36
13,noughtone.in,2024-12-20 18:37:36
13,delhidirect.in,2024-12-20 18:37:36
13,ektarfaa.in,2024-12-20 18:37:36
52,skyria.in,2024-12-20 18:37:36
52,nutristar.co.in,2024-12-20 18:37:36
52,kritinova.in,2024-12-20 18:37:36
52,thegoodleaf.in,2024-12-20 18:37:36
52,gourmetgarden.in,2024-12-20 18:37:36
52,wishgranted.in,2024-12-20 18:37:36
52,theplantshop.in,2024-12-20 18:37:36
52,honeybasket.in,2024-12-20 18:37:36
52,ozelbirsey.in,2024-12-20 18:37:36
52,seikowatches.co.in,2024-12-20 18:37:36
52,seikoclocks.in,2024-12-20 18:37:36
52,bevry.in,2024-12-20 18:37:36
52,flipmax.in,2024-12-20 18:37:36
52,khirki.in,2024-12-20 18:37:36
52,varnamstore.in,2024-12-20 18:37:36
52,tearaja.in,2024-12-20 18:37:36
52,mixeur.in,2024-12-20 18:37:36
52,littlecanvas.in,2024-12-20 18:37:36
52,pdsglobal.in,2024-12-20 18:37:36
52,smoor.in,2024-12-20 18:37:36
52,ambrosiabakery.in,2024-12-20 18:37:36
52,guardiangears.in,2024-12-20 18:37:36
52,hitkari.co.in,2024-12-20 18:37:36
52,soklet.in,2024-12-20 18:37:36
52,amberry.in,2024-12-20 18:37:36
52,forearthssake.co.in,2024-12-20 18:37:36
52,computerspace.in,2024-12-20 18:37:36
52,voolex.in,2024-12-20 18:37:36
52,borderlineplay.in,2024-12-20 18:37:36
52,jaimini.co.in,2024-12-20 18:37:36
69,thepurplebox.co.in,2024-12-20 18:37:36
69,bensung.co.in,2024-12-20 18:37:36
69,optrel.in,2024-12-20 18:37:36
69,allthingsfancy.in,2024-12-20 18:37:36
69,cure99.in,2024-12-20 18:37:36
69,semya.in,2024-12-20 18:37:36
69,fashionray.in,2024-12-20 18:37:36
69,shapeshop.in,2024-12-20 18:37:36
69,secrettoys.in,2024-12-20 18:37:36
69,plaeto.in,2024-12-20 18:37:36
69,cheemy.in,2024-12-20 18:37:36
69,salzmart.co.in,2024-12-20 18:37:36
69,littloo.in,2024-12-20 18:37:36
69,geethanjaliartifacts.in,2024-12-20 18:37:36
69,socksstation.in,2024-12-20 18:37:36
69,forthefans.in,2024-12-20 18:37:36
69,thepurseoutlet.in,2024-12-20 18:37:36
69,oliveplanet.in,2024-12-20 18:37:36
69,ihabitat.in,2024-12-20 18:37:36
69,joolry.in,2024-12-20 18:37:36
69,wishindia.in,2024-12-20 18:37:36
69,athletesportswear.in,2024-12-20 18:37:36
69,americancrew.in,2024-12-20 18:37:36
69,giftpalace.in,2024-12-20 18:37:36
69,topcart.in,2024-12-20 18:37:36
69,ivyn.in,2024-12-20 18:37:36
69,escents.in,2024-12-20 18:37:36
69,carrycart.in,2024-12-20 18:37:36
69,snapkart.in,2024-12-20 18:37:36
69,organic-bazaar.in,2024-12-20 18:37:36
1,headphonezone.in,2024-12-20 18:37:36
1,bonorganik.in,2024-12-20 18:37:36
1,bigsmall.in,2024-12-20 18:37:36
1,srstore.in,2024-12-20 18:37:36
1,fullyfilmy.in,2024-12-20 18:37:36
1,yellowfashion.in,2024-12-20 18:37:36
1,yesno.in,2024-12-20 18:37:36
1,millioncases.in,2024-12-20 18:37:36
1,bigbrandbox.in,2024-12-20 18:37:36
1,indianartvilla.in,2024-12-20 18:37:36
1,thepostbox.in,2024-12-20 18:37:36
1,shumee.in,2024-12-20 18:37:36
1,keyaseth.in,2024-12-20 18:37:36
1,banarasee.in,2024-12-20 18:37:36
1,thebeachcompany.in,2024-12-20 18:37:36
1,dappershoes.in,2024-12-20 18:37:36
1,turtleonline.in,2024-12-20 18:37:36
1,teez.in,2024-12-20 18:37:36
1,smartivity.in,2024-12-20 18:37:36
1,yogabars.in,2024-12-20 18:37:36
1,casedodo.in,2024-12-20 18:37:36
1,goldentipstea.in,2024-12-20 18:37:36
1,korra.in,2024-12-20 18:37:36
1,ledflashlights.in,2024-12-20 18:37:36
1,variation.in,2024-12-20 18:37:36
1,jewelove.in,2024-12-20 18:37:36
1,thedapperman.in,2024-12-20 18:37:36
1,furnishmyhome.in,2024-12-20 18:37:36
1,lovetreats.in,2024-12-20 18:37:36
1,thealternate.in,2024-12-20 18:37:36
18,lamanator.in,2024-12-20 18:37:36
18,teabox.co.in,2024-12-20 18:37:36
18,dragonmart.in,2024-12-20 18:37:36
18,backshavers.in,2024-12-20 18:37:36
18,aaronbasha.in,2024-12-20 18:37:36
18,luxire.in,2024-12-20 18:37:36
18,meenabazaar.co.in,2024-12-20 18:37:36
18,carfloormats.in,2024-12-20 18:37:36
18,meenabazar.co.in,2024-12-20 18:37:36
18,dcube.in,2024-12-20 18:37:36
18,starjewels.in,2024-12-20 18:37:36
18,camelflage.in,2024-12-20 18:37:36
18,lullabyearth.in,2024-12-20 18:37:36
18,fashiondestination.in,2024-12-20 18:37:36
18,ritualhockey.in,2024-12-20 18:37:36
18,blingg.in,2024-12-20 18:37:36
18,newdoma.in,2024-12-20 18:37:36
18,mangrooming.in,2024-12-20 18:37:36
18,jardinsflorian.in,2024-12-20 18:37:36
18,dranjali.in,2024-12-20 18:37:36
18,lightlounge.co.in,2024-12-20 18:37:36
18,orientpublishing.in,2024-12-20 18:37:36
18,ayushcare.in,2024-12-20 18:37:36
18,indianhairextensions.in,2024-12-20 18:37:36
18,mimoco.in,2024-12-20 18:37:36
18,gdiapers.co.in,2024-12-20 18:37:36
18,mumbaievents.in,2024-12-20 18:37:36
18,chikki.in,2024-12-20 18:37:36
18,mangroomer.co.in,2024-12-20 18:37:36
18,zippoindia.in,2024-12-20 18:37:36
55,modernmyth.in,2024-12-20 18:37:36
55,bstories.in,2024-12-20 18:37:36
55,dealonshop.in,2024-12-20 18:37:36
55,timeshopee.in,2024-12-20 18:37:36
55,scribbology.in,2024-12-20 18:37:36
55,run4uonline.in,2024-12-20 18:37:36
55,snapmojo.in,2024-12-20 18:37:36
55,wiselife.in,2024-12-20 18:37:36
55,aqualens.in,2024-12-20 18:37:36
55,naturehug.in,2024-12-20 18:37:36
55,jholmaal.in,2024-12-20 18:37:36
55,educapsule.in,2024-12-20 18:37:36
55,essentialkart.in,2024-12-20 18:37:36
55,homeworkliving.in,2024-12-20 18:37:36
55,bhaat.in,2024-12-20 18:37:36
55,mianzi.in,2024-12-20 18:37:36
55,drbooch.in,2024-12-20 18:37:36
55,atmah.in,2024-12-20 18:37:36
55,zilver.co.in,2024-12-20 18:37:36
55,samvita.in,2024-12-20 18:37:36
55,belleandbeast.in,2024-12-20 18:37:36
55,qmssurgicals.in,2024-12-20 18:37:36
55,luxurazi.in,2024-12-20 18:37:36
55,creaturesofhabit.in,2024-12-20 18:37:36
55,upperclimb.in,2024-12-20 18:37:36
55,peeperly.in,2024-12-20 18:37:36
55,urbanwardrobe.in,2024-12-20 18:37:36
55,enumu.in,2024-12-20 18:37:36
55,a2organics.in,2024-12-20 18:37:36
55,craftsnchisel.in,2024-12-20 18:37:36
57,qqshop.in,2024-12-20 18:37:36
57,winstonele.in,2024-12-20 18:37:36
57,kanchiplaza.in,2024-12-20 18:37:36
57,3farm.in,2024-12-20 18:37:36
57,artisticgifts.in,2024-12-20 18:37:36
57,turnouts.in,2024-12-20 18:37:36
57,unicod.in,2024-12-20 18:37:36
57,monochrome.co.in,2024-12-20 18:37:36
57,madrasmerchmarket.in,2024-12-20 18:37:36
57,isenchel.in,2024-12-20 18:37:36
57,muddyhands.in,2024-12-20 18:37:36
57,plantmade.in,2024-12-20 18:37:36
57,goodlifeshop.in,2024-12-20 18:37:36
57,fitpe.in,2024-12-20 18:37:36
57,trendcove.in,2024-12-20 18:37:36
57,moolorganic.in,2024-12-20 18:37:36
57,odesi.in,2024-12-20 18:37:36
57,fyor.in,2024-12-20 18:37:36
57,sustainme.in,2024-12-20 18:37:36
57,wowzap.in,2024-12-20 18:37:36
57,umoya.in,2024-12-20 18:37:36
57,commonmore.in,2024-12-20 18:37:36
57,zobay.in,2024-12-20 18:37:36
57,valasmall.in,2024-12-20 18:37:36
57,onezeros.in,2024-12-20 18:37:36
57,supastyle.in,2024-12-20 18:37:36
57,beerjeans.in,2024-12-20 18:37:36
57,kaati.in,2024-12-20 18:37:36
57,armilo.in,2024-12-20 18:37:36
57,withinnutrition.in,2024-12-20 18:37:36
54,iryz.in,2024-12-20 18:37:36
54,thepinkmoon.in,2024-12-20 18:37:36
54,totalactivation.in,2024-12-20 18:37:36
54,wildbee.in,2024-12-20 18:37:36
54,rkgshopping.in,2024-12-20 18:37:36
54,tripole.in,2024-12-20 18:37:36
54,audiomaxx.in,2024-12-20 18:37:36
54,hijibizi.in,2024-12-20 18:37:36
54,avintageaffair.in,2024-12-20 18:37:36
54,calibar.in,2024-12-20 18:37:36
54,silverpoetry.co.in,2024-12-20 18:37:36
54,mouldindia.in,2024-12-20 18:37:36
54,punjabhandicrafts.in,2024-12-20 18:37:36
54,farmbox.in,2024-12-20 18:37:36
54,oxiclear.in,2024-12-20 18:37:36
54,motoaggrandize.in,2024-12-20 18:37:36
54,jefgo.in,2024-12-20 18:37:36
54,kundantraders.co.in,2024-12-20 18:37:36
54,thebicyclist.in,2024-12-20 18:37:36
54,thinkrobotics.in,2024-12-20 18:37:36
54,mixingbowl.in,2024-12-20 18:37:36
54,crestfitness.in,2024-12-20 18:37:36
54,skahe.in,2024-12-20 18:37:36
54,poojaverma.co.in,2024-12-20 18:37:36
54,fimitee.in,2024-12-20 18:37:36
54,toyshine.in,2024-12-20 18:37:36
54,artilea.in,2024-12-20 18:37:36
54,renewair.in,2024-12-20 18:37:36
54,thestitches.in,2024-12-20 18:37:36
54,reboundnow.in,2024-12-20 18:37:36
59,akus.in,2024-12-20 18:37:36
59,littlesquirel.in,2024-12-20 18:37:36
59,thelazyloaf.in,2024-12-20 18:37:36
59,silverarena.in,2024-12-20 18:37:36
59,aryajewelhouse.in,2024-12-20 18:37:36
59,livingbasics.in,2024-12-20 18:37:36
59,rynok.in,2024-12-20 18:37:36
59,styd.in,2024-12-20 18:37:36
59,urbangrabber.in,2024-12-20 18:37:36
59,harshaman.in,2024-12-20 18:37:36
59,rabaniandrakha.in,2024-12-20 18:37:36
59,scentos.in,2024-12-20 18:37:36
59,gollers.in,2024-12-20 18:37:36
59,befun.in,2024-12-20 18:37:36
59,diyarajvvir.in,2024-12-20 18:37:36
59,scentiments.co.in,2024-12-20 18:37:36
59,inbreathe.in,2024-12-20 18:37:36
59,giftofy.in,2024-12-20 18:37:36
59,trendize.in,2024-12-20 18:37:36
59,bohobox.in,2024-12-20 18:37:36
59,kiddysafe.in,2024-12-20 18:37:36
59,suffire.in,2024-12-20 18:37:36
59,webshopy.in,2024-12-20 18:37:36
59,havochobby.in,2024-12-20 18:37:36
59,hypermask.in,2024-12-20 18:37:36
59,shoppcart.in,2024-12-20 18:37:36
59,laddubox.in,2024-12-20 18:37:36
59,agriclub.in,2024-12-20 18:37:36
59,angelandrocket.in,2024-12-20 18:37:36
59,elurban.in,2024-12-20 18:37:36
43,sanatan.in,2024-12-20 18:37:36
43,glamster.in,2024-12-20 18:37:36
43,hatke.co.in,2024-12-20 18:37:36
43,lovechild.in,2024-12-20 18:37:36
43,flyclub.in,2024-12-20 18:37:36
43,ebookshop.in,2024-12-20 18:37:36
43,buygadgets.in,2024-12-20 18:37:36
43,woogle.co.in,2024-12-20 18:37:36
43,twen.in,2024-12-20 18:37:36
43,ramainternational.in,2024-12-20 18:37:36
43,artbuzz.in,2024-12-20 18:37:36
43,ssclothings.in,2024-12-20 18:37:36
43,futuristictechnologies.co.in,2024-12-20 18:37:36
43,wildstone.in,2024-12-20 18:37:36
43,aiom.in,2024-12-20 18:37:36
43,technick.in,2024-12-20 18:37:36
43,onlinebhakti.in,2024-12-20 18:37:36
43,getthis.in,2024-12-20 18:37:36
43,blest.in,2024-12-20 18:37:36
43,haldikumkum.in,2024-12-20 18:37:36
43,qwack.in,2024-12-20 18:37:36
43,superbikestore.in,2024-12-20 18:37:36
43,ishield.in,2024-12-20 18:37:36
43,plumberry.in,2024-12-20 18:37:36
43,unavailable.in,2024-12-20 18:37:36
43,gush.in,2024-12-20 18:37:36
43,e2u.in,2024-12-20 18:37:36
43,dicey.in,2024-12-20 18:37:36
43,2xc.in,2024-12-20 18:37:36
43,oezy.in,2024-12-20 18:37:36
4,aureole.in,2024-12-20 18:37:36
4,deviopticians.in,2024-12-20 18:37:36
4,greencarpet.in,2024-12-20 18:37:36
4,theinitiative.in,2024-12-20 18:37:36
4,ahika.in,2024-12-20 18:37:36
4,pinballstore.in,2024-12-20 18:37:36
4,styleaura.in,2024-12-20 18:37:36
4,sushiya.in,2024-12-20 18:37:36
4,teatreasure.in,2024-12-20 18:37:36
4,gulabs.in,2024-12-20 18:37:36
4,bagpoint.in,2024-12-20 18:37:36
4,kadambri.in,2024-12-20 18:37:36
4,chaani.in,2024-12-20 18:37:36
4,fivemorselsoflove.in,2024-12-20 18:37:36
4,absolutetea.in,2024-12-20 18:37:36
4,rabbitoutofthehat.in,2024-12-20 18:37:36
4,newpig.in,2024-12-20 18:37:36
4,veni-vidi-vici.in,2024-12-20 18:37:36
4,localartisan.in,2024-12-20 18:37:36
4,mydarl.in,2024-12-20 18:37:36
4,mytyres.in,2024-12-20 18:37:36
4,earthwear.in,2024-12-20 18:37:36
4,shoppenguin.in,2024-12-20 18:37:36
4,fashionequation.in,2024-12-20 18:37:36
4,nonasties.in,2024-12-20 18:37:36
4,thestylesyndrome.in,2024-12-20 18:37:36
4,zahana.in,2024-12-20 18:37:36
4,blab.co.in,2024-12-20 18:37:36
4,svcreations.in,2024-12-20 18:37:36
4,universalmattress.in,2024-12-20 18:37:36
16,newsdevil.in,2024-12-20 18:37:36
16,indiacrafts.co.in,2024-12-20 18:37:36
16,blingg.co.in,2024-12-20 18:37:36
16,talkingtables.in,2024-12-20 18:37:36
16,cheapmusic.in,2024-12-20 18:37:36
16,crazycraft.in,2024-12-20 18:37:36
16,danier.co.in,2024-12-20 18:37:36
16,lockedup.in,2024-12-20 18:37:36
16,mobyle.in,2024-12-20 18:37:36
16,vaayu.co.in,2024-12-20 18:37:36
16,tagb.in,2024-12-20 18:37:36
16,olayla.in,2024-12-20 18:37:36
16,healthybakes.in,2024-12-20 18:37:36
16,dogfather.in,2024-12-20 18:37:36
16,footsy.co.in,2024-12-20 18:37:36
16,giftforest.in,2024-12-20 18:37:36
16,rootsandwings.co.in,2024-12-20 18:37:36
16,shopofy.in,2024-12-20 18:37:36
16,bestbroadband.in,2024-12-20 18:37:36
16,raggers.in,2024-12-20 18:37:36
16,kerf.in,2024-12-20 18:37:36
16,happybaking.in,2024-12-20 18:37:36
16,peppod.in,2024-12-20 18:37:36
16,sugarush.in,2024-12-20 18:37:36
16,doux.in,2024-12-20 18:37:36
16,satayam.in,2024-12-20 18:37:36
16,sripalsanijewels.in,2024-12-20 18:37:36
16,profab.co.in,2024-12-20 18:37:36
16,sylvnstudio.co.in,2024-12-20 18:37:36
16,healthmine.in,2024-12-20 18:37:36
2,sunshineboulevard.in,2024-12-20 18:37:36
2,wlend.in,2024-12-20 18:37:36
2,kayfashions.in,2024-12-20 18:37:36
2,fashionous.in,2024-12-20 18:37:36
2,fabbox.in,2024-12-20 18:37:36
2,therugrepublic.in,2024-12-20 18:37:36
2,istills.in,2024-12-20 18:37:36
2,olie.co.in,2024-12-20 18:37:36
2,chococraft.in,2024-12-20 18:37:36
2,hyprote.in,2024-12-20 18:37:36
2,masilo.in,2024-12-20 18:37:36
2,lovetheworldtoday.in,2024-12-20 18:37:36
2,giftsoflove.in,2024-12-20 18:37:36
2,baublelove.in,2024-12-20 18:37:36
2,uberurban.in,2024-12-20 18:37:36
2,honeyandspice.in,2024-12-20 18:37:36
2,thesummerhouse.in,2024-12-20 18:37:36
2,timbercraft.in,2024-12-20 18:37:36
2,truefittandhill.in,2024-12-20 18:37:36
2,exoticflora.in,2024-12-20 18:37:36
2,brainwavzaudio.in,2024-12-20 18:37:36
2,chiaroscuro.in,2024-12-20 18:37:36
2,techstore.co.in,2024-12-20 18:37:36
2,ladyline.co.in,2024-12-20 18:37:36
2,wildearth.in,2024-12-20 18:37:36
2,kidscity.in,2024-12-20 18:37:36
2,wintage.in,2024-12-20 18:37:36
2,griffel.in,2024-12-20 18:37:36
2,theblackcanvas.in,2024-12-20 18:37:36
2,wholefoods.co.in,2024-12-20 18:37:36
