Domain,Timestamp,Status
https://jeepaltitude.com,2024-12-20 10:45:04,200
https://fitssockonline.com,2024-12-20 10:45:38,200
https://evlutionnutrition.com,2024-12-20 10:50:12,200
https://indianlarrycustommotorcycles.com,2024-12-20 10:51:51,200
https://svahausa.com,2024-12-20 10:52:26,200
https://dspodcast.com,2024-12-20 10:52:51,200
https://third-love.com,2024-12-20 10:54:17,200
https://ratsusa.com,2024-12-20 10:55:34,200
https://outlawtradingco.com,2024-12-20 10:59:14,200
https://indianlarrymotorcycleparts.com,2024-12-20 11:01:59,200
https://3rdlove.com,2024-12-20 11:05:17,200
https://luckyshotusa.com,2024-12-20 11:07:16,200
https://boatingseats.com,2024-12-20 11:14:04,200
https://bloodsweatandbarbells.com,2024-12-20 11:17:01,200
https://sarahwellsbag.com,2024-12-20 11:19:35,200
https://sunsetsswim.com,2024-12-20 11:20:08,200
https://headbangersports.com,2024-12-20 11:24:32,200
https://maritimesupplyco.com,2024-12-20 11:41:45,200
https://incrediblerugs.com,2024-12-20 11:42:53,200
https://indianlarrymotorcycleapparel.com,2024-12-20 11:45:24,200
https://boccia.com,2024-12-20 11:45:24,200
https://pontoonboatfurniture.com,2024-12-20 11:51:07,200
https://reyn-spooner.com,2024-12-20 11:55:43,200
https://xnaut.com,2024-12-20 11:56:14,200
https://earplugshd.com,2024-12-20 11:58:15,200
https://fits-tech.com,2024-12-20 11:58:25,200
https://rntcalls.com,2024-12-20 12:01:00,200
https://epoboost.com,2024-12-20 12:05:24,200
https://pilotmall.com,2024-12-20 12:05:36,200
https://endurelite.com,2024-12-20 12:06:47,200
https://habroksports.com,2024-12-20 12:09:44,200
https://montauktackle.com,2024-12-20 12:09:54,200
https://lillibros.com,2024-12-20 12:09:55,200
https://drinkinvigor8.com,2024-12-20 12:11:24,200
https://roadid.com,2024-12-20 12:11:56,200
https://myspringenergy.com,2024-12-20 12:12:17,200
https://trollcoclothing-com.myshopify.com,2024-12-20 12:14:19,200
https://alohafunwear.com,2024-12-20 12:16:14,200
https://ejuice-zone.myshopify.com,2024-12-20 12:17:13,200
https://spandexbyyard.com,2024-12-20 12:19:06,200
https://dbcustomz.com,2024-12-20 12:19:55,200
https://bestpricenutrition.com,2024-12-20 12:19:59,200
https://iconswim.com,2024-12-20 12:20:22,200
https://vapecentralgroup.com,2024-12-20 12:20:22,200
https://ejuices.myshopify.com,2024-12-20 12:20:22,200
https://kachava.myshopify.com,2024-12-20 12:21:19,200
https://bernedirect.com,2024-12-20 12:22:57,200
https://mpasupps.com,2024-12-20 12:23:20,200
https://efavormart-new.myshopify.com,2024-12-20 12:24:05,200
https://vapebargains.com,2024-12-20 12:24:28,200
https://canalesfurnitureusa.com,2024-12-20 12:24:45,200
https://southord.com,2024-12-20 12:24:56,200
https://apollo440.myshopify.com,2024-12-20 12:26:07,200
https://onebladeshave.com,2024-12-20 12:26:29,200
https://shopilusion.com,2024-12-20 12:26:32,200
https://moonglow-jewelry.myshopify.com,2024-12-20 12:26:42,200
https://americanracingheaders.com,2024-12-20 12:26:52,200
https://nomadoutdoor.com,2024-12-20 12:27:03,200
https://americanfighter.myshopify.com,2024-12-20 12:28:27,200
https://vaerwatches.com,2024-12-20 12:29:04,200
https://saber-forge1.myshopify.com,2024-12-20 12:29:14,200
https://oozelife.com,2024-12-20 12:31:47,200
https://ejuicedeals.myshopify.com,2024-12-20 12:33:04,200
https://afflictionclothing.myshopify.com,2024-12-20 12:33:30,200
https://theoriginalboombox.com,2024-12-20 12:37:42,200
https://vertagear.myshopify.com,2024-12-20 12:38:22,200
https://cottonriveroutfitters.com,2024-12-20 12:39:16,200
https://doyoutaketwo.com,2024-12-20 12:49:55,200
https://vital-proteins.myshopify.com,2024-12-20 12:50:47,200
https://rustic-and-main.myshopify.com,2024-12-20 12:52:20,200
https://silksmartish.com,2024-12-20 12:53:39,200
https://eight-sleep.myshopify.com,2024-12-20 12:54:27,200
https://roadid-retail.myshopify.com,2024-12-20 12:54:53,200
https://redcon1.myshopify.com,2024-12-20 12:55:04,200
https://alphalion-staging.myshopify.com,2024-12-20 12:56:10,200
https://pescience.com,2024-12-20 12:56:42,200
https://2xist.com,2024-12-20 12:56:54,200
https://spongebath.com,2024-12-20 12:56:55,200
https://paintwithdiamonds.com,2024-12-20 12:58:24,200
https://k9tacticalgear.com,2024-12-20 12:58:25,200
https://emotiva.com,2024-12-20 12:58:40,200
https://lumberunion.com,2024-12-20 12:58:47,200
https://tatamifightwear.com,2024-12-20 12:58:49,200
https://mypatriotsupply.com,2024-12-20 12:59:32,200
https://pashionfootwear.com,2024-12-20 12:59:42,200
https://tableclothsfactory.com,2024-12-20 12:59:54,200
https://lazyoaf.com,2024-12-20 13:00:05,200
https://gouletpens.com,2024-12-20 13:00:16,200
https://canalesfurnituretx.com,2024-12-20 13:00:49,200
https://ambrosianutraceuticals.com,2024-12-20 13:03:45,200
https://impactgel.com,2024-12-20 13:07:32,200
https://gethyer.com,2024-12-20 13:11:16,200
https://gpaastore.com,2024-12-20 13:15:56,200
https://altituderx.com,2024-12-20 13:15:57,200
https://gutandpsychologysyndrome.com,2024-12-20 13:15:58,200
https://mayorgaorganics.com,2024-12-20 13:18:11,200
https://aimcam.com,2024-12-20 13:19:34,200
https://sheetsgiggles.com,2024-12-20 13:29:28,200
https://soapcauldron.com,2024-12-20 13:36:06,200
https://ultrascopes.com,2024-12-20 13:36:27,200
https://lumenxsporting.com,2024-12-20 13:40:12,200
https://likeaprosupplements.com,2024-12-20 13:44:11,200
https://brlsports.com,2024-12-20 13:46:12,200
https://dreamerdesigns.com,2024-12-20 14:03:13,200
https://mindplacemindmachines.com,2024-12-20 14:06:07,200
https://honeybunchies.com,2024-12-20 14:19:48,200
https://stencilrevolution.com,2024-12-20 14:49:26,200
https://marathonwatch.com,2024-12-20 14:49:38,200
https://ecovessel.com,2024-12-20 14:49:55,200
https://corganic.com,2024-12-20 14:50:06,200
https://f150leds.com,2024-12-20 14:50:22,200
https://theflagshirt.com,2024-12-20 14:50:35,200
https://moonglow.com,2024-12-20 14:50:41,200
https://benrus.com,2024-12-20 14:50:55,200
https://advancedmolecularlabs.com,2024-12-20 14:50:59,200
https://garnersgarden.com,2024-12-20 14:51:31,200
https://topbrass-inc.com,2024-12-20 14:51:49,200
https://trailarmor.com,2024-12-20 14:52:00,200
https://ikamper.com,2024-12-20 14:52:09,200
https://scrubblade.com,2024-12-20 14:52:23,200
https://plashlights.com,2024-12-20 14:53:05,200
https://kos.com,2024-12-20 14:53:05,200
https://rowingblazers.com,2024-12-20 14:53:27,200
https://glennbeckwater.com,2024-12-20 14:56:14,200
https://factoryminibikes.com,2024-12-20 15:02:38,200
https://oxygenlabs.com,2024-12-20 15:05:23,200
https://foriagear.com,2024-12-20 15:10:53,200
https://jeepjt.com,2024-12-20 15:12:00,200
https://onebladerazor.com,2024-12-20 15:15:17,200
https://amlproduct.com,2024-12-20 15:20:03,200
https://impactcrate.com,2024-12-20 15:23:21,200
https://modernpicnic.com,2024-12-20 15:25:42,200
https://osteoactives.com,2024-12-20 15:30:07,200
https://systemseating.com,2024-12-20 15:31:57,200
https://patriot-pantry.com,2024-12-20 15:35:56,200
https://uaetruck.com,2024-12-20 15:36:29,200
https://gatorzmetaleyewear.com,2024-12-20 15:38:49,200
https://brlsportsnutrition.com,2024-12-20 15:40:28,200
https://marathonwatchcompany.com,2024-12-20 15:43:50,200
https://carifex.com,2024-12-20 15:47:41,200
https://patriotsupplystore.com,2024-12-20 15:55:59,200
https://thedapperguru.com,2024-12-20 15:57:05,200
https://patriotpantry.com,2024-12-20 15:57:06,200
https://sunsetscurve.com,2024-12-20 16:00:13,200
https://thirdlov.com,2024-12-20 16:02:46,200
https://dycinstallers.com,2024-12-20 16:03:30,200
https://starteating.com,2024-12-20 16:04:35,200
https://patriotfood.com,2024-12-20 16:11:34,200
https://dragonpharma.com,2024-12-20 16:17:26,200
https://goldcbd.com,2024-12-20 16:25:18,200
https://mypatriotsupplies.com,2024-12-20 16:26:15,200
https://monsterk9.com,2024-12-20 16:31:25,200
https://jjclothing.com,2024-12-20 16:32:10,200
https://littlelibros.com,2024-12-20 16:32:55,200
https://patriotspantry.com,2024-12-20 16:36:44,200
https://rollbarwrap.com,2024-12-20 16:37:29,200
https://gonimble.com,2024-12-20 16:38:02,200
https://pilot-mall.com,2024-12-20 16:39:07,200
https://tacticalseats.com,2024-12-20 16:40:01,200
https://coastalcottonltd.com,2024-12-20 16:45:34,200
https://juicedbikes.com,2024-12-20 16:46:05,200
https://pursuitswimwear.com,2024-12-20 16:48:50,200
https://echelonfit.com,2024-12-20 16:50:27,200
https://manamaven.com,2024-12-20 16:51:25,200
https://glenbeckwater.com,2024-12-20 16:52:32,200
https://bluewaterwear.com,2024-12-20 16:53:25,200
https://oldcottonco.com,2024-12-20 16:54:53,200
https://tacticalseatcovers.com,2024-12-20 17:01:08,200
https://mypatriotsupplyreviews.com,2024-12-20 17:04:46,200
https://ps4wallmounts.com,2024-12-20 17:06:15,200
https://banzwear.com,2024-12-20 17:11:12,200
https://vasoburn.com,2024-12-20 17:12:41,200
https://inearkings.com,2024-12-20 17:17:15,200
https://earbanz.com,2024-12-20 17:22:01,200
https://bredawatches.com,2024-12-20 17:24:13,200
https://themodernbro.com,2024-12-20 17:31:13,200
https://escoshare.com,2024-12-20 17:31:44,200
https://dragonpharmalabs.com,2024-12-20 17:33:23,200
https://allamericanroughneck.com,2024-12-20 17:35:11,200
https://bonescoffeecompany.com,2024-12-20 17:39:05,200
https://earacers.com,2024-12-20 17:39:48,200
https://truckdubai.com,2024-12-20 17:43:18,200
https://fabricbyyard.com,2024-12-20 17:44:45,200
https://structuredsilverh2o.com,2024-12-20 17:47:19,200
https://personalvaporizers.com,2024-12-20 17:51:00,200
https://motorcyclecustomizationbrooklyn.com,2024-12-20 17:53:23,200
https://reyn.com,2024-12-20 17:57:38,200
https://gatorzglasses.com,2024-12-20 18:02:55,200
https://thegamedayshirtco.com,2024-12-20 18:04:23,200
https://letspartyraleigh.com,2024-12-20 18:06:56,200
https://staheekum.com,2024-12-20 18:16:50,200
https://gochirp.com,2024-12-20 18:20:07,200
https://alphalion.com,2024-12-20 18:21:39,200
https://bartacks.com,2024-12-20 18:22:46,200
https://hatclubfranchise.com,2024-12-20 18:24:14,200
https://lemeldesigns.com,2024-12-20 18:26:25,200
https://custommotorcyclesnyc.com,2024-12-20 18:28:48,200
https://headkandybrush.com,2024-12-20 18:33:23,200
https://truckuae.com,2024-12-20 18:39:46,200
https://thetomboystyle.com,2024-12-20 18:40:42,200
https://oxynutrition.com,2024-12-20 18:45:38,200
https://travelprobags.com,2024-12-20 18:46:01,200
https://phoenixshaving.com,2024-12-20 18:49:29,200
https://vtoriginals.com,2024-12-20 18:49:40,200
https://olecottoncompany.com,2024-12-20 18:51:41,200
https://theswapcloset.com,2024-12-20 18:52:58,200
https://muebleriacanales.com,2024-12-20 18:56:38,200
https://mantrabands.com,2024-12-20 18:59:11,200
https://allerahealth.com,2024-12-20 19:02:41,200
https://rollstraps.com,2024-12-20 19:03:37,200
https://foodhistoryspecial.com,2024-12-20 19:10:35,200
https://thirdove.com,2024-12-20 19:28:44,200
https://systemseats.com,2024-12-20 19:32:12,200
